"0","301000110","A","000","00","001","00000","•‰Θ‰f—Ώ","‰f","131","1","1","20240601","99999999","0"
"0","301000210","A","000","00","002","00000","’nζ•‰Θf—Γx‰‡•a‰@•‰Θ‰f—Ώ","•a‰f","131","1","1","20240601","99999999","0"
"0","301072810","A","000","00","003","00000","•‰Θ‰f—Ώi–Ά“Νoj","‰fi–Ά“Νoj","131","1","1","20240601","99999999","0"
"0","301000370","A","000","00","004","CA001","“ϋ—c™‰ΑZi‰fj","“ϋi‰fj","131","1","1","20240601","99999999","0"
"0","301000470","A","000","00","005","CA002","•‰Θf—Γ“Α•Κ‘Ξ‰‰ΑZ‚Pi‰fj","•‰Θf—Γ“Α•Κ‘Ξ‰‰ΑZ‚Pi‰fj","131","1","1","20240601","99999999","0"
"0","301000570","A","000","00","005","CA003","•‰Θf—Γ“Α•Κ‘Ξ‰‰ΑZ‚Qi‰fj","•‰Θf—Γ“Α•Κ‘Ξ‰‰ΑZ‚Qi‰fj","131","1","1","20240601","99999999","0"
"0","301122870","A","000","00","005","CA261","•‰Θf—Γ“Α•Κ‘Ξ‰‰ΑZ‚Ri‰fj","•‰Θf—Γ“Α•Κ‘Ξ‰‰ΑZ‚Ri‰fj","131","1","1","20240601","99999999","0"
"0","301000670","A","000","00","006","CA004","ΤO‰ΑZi‰fj","ΤOi‰fj","131","1","1","20240601","99999999","0"
"0","301000770","A","000","00","006","CA005","‹x“ϊ‰ΑZi‰fj","‹x“ϊi‰fj","131","1","1","20240601","99999999","0"
"0","301000870","A","000","00","006","CA006","[–ι‰ΑZi‰fj","[–ιi‰fj","131","1","1","20240601","99999999","0"
"0","301000970","A","000","00","006","CA007","ΤO“Α—αγ—Γ‹@Φ‰ΑZi‰fj","ΤOi“Αji‰fj","131","1","1","20240601","99999999","0"
"0","301001070","A","000","00","007","CA008","“ϋ—c™ΤO‰ΑZi‰fj","“ϋEΤOi‰fj","131","1","1","20240601","99999999","0"
"0","301001170","A","000","00","007","CA009","“ϋ—c™‹x“ϊ‰ΑZi‰fj","“ϋE‹x“ϊi‰fj","131","1","1","20240601","99999999","0"
"0","301001270","A","000","00","007","CA010","“ϋ—c™[–ι‰ΑZi‰fj","“ϋE[–ιi‰fj","131","1","1","20240601","99999999","0"
"0","301001370","A","000","00","007","CA011","“ϋ—c™ΤO“Α—αγ—Γ‹@Φ‰ΑZi‰fj","“ϋEΤOi“Αji‰fj","131","1","1","20240601","99999999","0"
"0","301001570","A","000","00","008","CA013","•‰ΘO—f—Γγ—Γΐ‘S‘Ξτ‰ΑZ‚Pi‰fj","•‰ΘO—f—Γγ—Γΐ‘S‘Ξτ‰ΑZ‚Pi‰fj","131","1","1","20240601","99999999","0"
"0","301072970","A","000","00","008","CA151","•‰ΘO—f—Γγ—Γΐ‘S‘Ξτ‰ΑZ‚Qi‰fj","•‰ΘO—f—Γγ—Γΐ‘S‘Ξτ‰ΑZ‚Qi‰fj","131","1","1","20240601","99999999","0"
"0","301018970","A","000","00","009","CA041","•‰Θf—Γ“Α•Κ‘Ξ‰Ag‰ΑZ","“ΑA","131","1","1","20240601","99999999","0"
"0","301123070","A","000","00","009","CA263","•‰ΘO—f—Γ΄υ‘Ξτ‰ΑZ‚Pi‰fj","•‰ΘO—f—Γ΄υ‘Ξτ‰ΑZ‚Pi‰fj","131","1","1","20240601","99999999","0"
"0","301123170","A","000","00","009","CA264","•‰ΘO—f—Γ΄υ‘Ξτ‰ΑZ‚Qi‰fj","•‰ΘO—f—Γ΄υ‘Ξτ‰ΑZ‚Qi‰fj","131","1","1","20240601","99999999","0"
"0","301123270","A","000","00","009","CA265","•‰ΘO—f—Γ΄υ‘Ξτ‰ΑZ‚Ri‰fj","•‰ΘO—f—Γ΄υ‘Ξτ‰ΑZ‚Ri‰fj","131","1","1","20240601","99999999","0"
"0","301123370","A","000","00","009","CA266","•‰ΘO—f—Γ΄υ‘Ξτ‰ΑZ‚Si‰fj","•‰ΘO—f—Γ΄υ‘Ξτ‰ΑZ‚Si‰fj","131","1","1","20240601","99999999","0"
"0","301026070","A","000","00","010","CA058","•‰Θf—Γ“Α•Κ‘Ξ‰’nζx‰‡‰ΑZ","“Α’n","131","1","1","20240601","99999999","0"
"0","301123570","A","000","00","012","CA268","γ—Γξ•ρζ“Ύ‰ΑZi‰fj","γ—Γξ•ρζ“Ύ‰ΑZi‰fj","131","1","0","20241201","99999999","0"
"3","301183670","A","000","00","013","CA330","γ—Γ‚c‚w„i‘Μ§®”υ‰ΑZ‚Pi‰fj","γ—Γ‚c‚w„i‘Μ§®”υ‰ΑZ‚Pi‰fj","131","1","0","20250401","99999999","0"
"3","301183770","A","000","00","013","CA331","γ—Γ‚c‚w„i‘Μ§®”υ‰ΑZ‚Qi‰fj","γ—Γ‚c‚w„i‘Μ§®”υ‰ΑZ‚Qi‰fj","131","1","0","20250401","99999999","0"
"3","301183870","A","000","00","013","CA332","γ—Γ‚c‚w„i‘Μ§®”υ‰ΑZ‚Ri‰fj","γ—Γ‚c‚w„i‘Μ§®”υ‰ΑZ‚Ri‰fj","131","1","0","20250401","99999999","0"
"5","301183470","A","000","00","013","CA328","γ—Γ‚c‚w„i‘Μ§®”υ‰ΑZ‚Si‰fj","γ—Γ‚c‚w„i‘Μ§®”υ‰ΑZ‚Si‰fj","131","1","0","20250401","99999999","0"
"5","301183570","A","000","00","013","CA329","γ—Γ‚c‚w„i‘Μ§®”υ‰ΑZ‚Ti‰fj","γ—Γ‚c‚w„i‘Μ§®”υ‰ΑZ‚Ti‰fj","131","1","0","20250401","99999999","0"
"5","301123670","A","000","00","013","CA269","γ—Γ‚c‚w„i‘Μ§®”υ‰ΑZ‚Ui‰fj","γ—Γ‚c‚w„i‘Μ§®”υ‰ΑZ‚Ui‰fj","131","1","0","20250401","99999999","0"
"0","301123710","A","000","00","014","00000","•‰Θ‰f—Ώiξ•ρ’ΚM‹@ν‚π—p‚Ά‚½κ‡j","‰fiξ•ρ’ΚM‹@ν‚π—p‚Ά‚½κ‡j","131","1","1","20240601","99999999","0"
"0","301182310","A","000","00","014","00000","’nζ•‰Θf—Γx‰‡•a‰@•‰Θ‰f—Ώiξ•ρ’ΚM‹@ν‚π—p‚Ά‚½κ‡j","•a‰fiξ•ρ’ΚM‹@ν‚π—p‚Ά‚½κ‡j","131","1","1","20240601","99999999","0"
"0","301124970","A","002","00","011","CA281","γ—Γξ•ρζ“Ύ‰ΑZiΔfj","γ—Γξ•ρζ“Ύ‰ΑZiΔfj","144","1","0","20241201","99999999","0"
"0","301003990","A","100","00","000","AA006","O”‘i“ό‰@ξ–{—Ώ‚ΜΈzjiΈ_αQ“™‚Μ³j","O”‘i“ό‰@ξ–{—Ώ‚ΜΈzjiΈ_αQ“™‚Μ³j","121","6","0","20240601","99999999","0"
"0","301004090","A","100","00","000","AA007","O”‘i“Α’θ“ό‰@—Ώ‚ΜΈzjiΈ_αQ“™‚Μ³j","O”‘i“Α’θ“ό‰@—Ώ‚ΜΈzjiΈ_αQ“™‚Μ³j","121","6","0","20240601","99999999","0"
"0","301005870","A","100","00","004","CA024","κ”Κ•a““ό‰@ϊΤ‰ΑZi‚P‚S“ϊΘ“ΰ‚ΜϊΤj","κ”Κ•a““ό‰@ϊΤ‰ΑZi‚P‚S“ϊΘ“ΰj","121","14","0","20240601","99999999","0"
"0","301005970","A","100","00","004","CA025","κ”Κ•a““ό‰@ϊΤ‰ΑZi‚P‚S“ϊΘ“ΰ‚ΜϊΤji“Α•Κ“ό‰@ξ–{—Ώ“™j","κ”Κ•a““ό‰@ϊΤ‰ΑZi‚P‚S“ϊΘ“ΰji“Α•Κ“ό‰@ξ–{—Ώ“™j","121","14","0","20240601","99999999","0"
"0","301006070","A","100","00","004","CA026","κ”Κ•a““ό‰@ϊΤ‰ΑZi‚P‚T“ϊΘγ‚R‚O“ϊΘ“ΰ‚ΜϊΤj","κ”Κ•a““ό‰@ϊΤ‰ΑZi‚P‚T“ϊΘγ‚R‚O“ϊΘ“ΰj","121","16","0","20240601","99999999","0"
"0","301006170","A","100","00","004","CA027","κ”Κ•a““ό‰@ϊΤ‰ΑZi‚P‚T“ϊΘγ‚R‚O“ϊΘ“ΰ‚ΜϊΤji“Α•Κ“ό‰@ξ–{—Ώ“™j","κ”Κ•a““ό‰@ϊΤ‰ΑZi‚P‚T“ϊΘγ‚R‚O“ϊΘ“ΰji“Α•Κ“ό‰@ξ–{—Ώ“™j","121","16","0","20240601","99999999","0"
"0","301026870","A","100","00","005","CA066","dΗ™ijσ“όAg‰ΑZiκ”Κ•a““ό‰@ξ–{—Ώj","dΗ™ijσ“όAg‰ΑZiκ”Κ•a““ό‰@ξ–{—Ώj","132","1","0","20240601","99999999","0"
"0","301026970","A","100","00","006","CA067","‹~‹}Eέ‘ξ“™x‰‡•a°‰ϊ‰ΑZi’nζκ”Κ“ό‰@ξ–{—Ώj","‹~‹}Eέ‘ξ“™x‰‡•a°‰ϊ‰ΑZi’nζκ”Κ“ό‰@ξ–{—Ώj","121","14","0","20240601","99999999","0"
"0","301027270","A","101","00","005","CA070","dΗ™ijσ“όAg‰ΑZi—Γ—{•a““ό‰@ξ–{—Ώj","dΗ™ijσ“όAg‰ΑZi—Γ—{•a““ό‰@ξ–{—Ώj","132","1","0","20240601","99999999","0"
"0","301062570","A","101","00","006","CA133","‹}«ϊ³x‰‡—Γ—{•a°‰ϊ‰ΑZi—Γ—{•a““ό‰@ξ–{—Ώj","‹}«ϊ³x‰‡—Γ—{•a°‰ϊ‰ΑZi—Γ—{•a““ό‰@ξ–{—Ώj","121","14","0","20240601","99999999","0"
"0","301062670","A","101","00","006","CA134","έ‘ξ³x‰‡—Γ—{•a°‰ϊ‰ΑZi—Γ—{•a““ό‰@ξ–{—Ώj","έ‘ξ³x‰‡—Γ—{•a°‰ϊ‰ΑZi—Γ—{•a““ό‰@ξ–{—Ώj","121","14","0","20240601","99999999","0"
"0","301137370","A","101","00","010","CA284","o’°‰h—{Η—‰ΑZi—Γ—{•a““ό‰@ξ–{—Ώj","o’°‰h—{Η—‰ΑZi—Γ—{•a““ό‰@ξ–{—Ώj","121","7","0","20240601","99999999","0"
"0","301007970","A","102","00","002","CA029","“Α’θ‹@”\•a‰@κ”Κ•a““ό‰@ϊΤ‰ΑZi‚P‚S“ϊΘ“ΰ‚ΜϊΤj","“Α’θ‹@”\•a‰@κ”Κ•a““ό‰@ϊΤ‰ΑZi‚P‚S“ϊΘ“ΰj","121","14","0","20240601","99999999","0"
"0","301008070","A","102","00","002","CA030","“Α’θ‹@”\•a‰@κ”Κ•a““ό‰@ϊΤ‰ΑZi‚P‚T“ϊΘγ‚R‚O“ϊΘ“ΰ‚ΜϊΤj","“Α’θ‹@”\•a‰@κ”Κ•a““ό‰@ϊΤ‰ΑZi‚P‚T“ϊΘγ‚R‚O“ϊΘ“ΰj","121","16","0","20240601","99999999","0"
"0","301008770","A","103","00","004","CA031","κ–ε•a‰@“ό‰@ϊΤ‰ΑZi‚P‚S“ϊΘ“ΰ‚ΜϊΤj","κ–ε•a‰@“ό‰@ϊΤ‰ΑZi‚P‚S“ϊΘ“ΰj","121","14","0","20240601","99999999","0"
"0","301008870","A","103","00","004","CA032","κ–ε•a‰@“ό‰@ϊΤ‰ΑZi‚P‚T“ϊΘγ‚R‚O“ϊΘ“ΰ‚ΜϊΤj","κ–ε•a‰@“ό‰@ϊΤ‰ΑZi‚P‚T“ϊΘγ‚R‚O“ϊΘ“ΰj","121","16","0","20240601","99999999","0"
"0","301044110","A","105","00","001","00000","—L°f—Γ“ό‰@ξ–{—Ώ‚Pi‚P‚S“ϊΘ“ΰ‚ΜϊΤj","—L°f—Γ“ό‰@ξ–{—Ώ‚Pi‚P‚S“ϊΘ“ΰj","121","14","0","20240601","99999999","0"
"0","301044210","A","105","00","001","00000","—L°f—Γ“ό‰@ξ–{—Ώ‚Pi‚P‚T“ϊΘγ‚R‚O“ϊΘ“ΰ‚ΜϊΤj","—L°f—Γ“ό‰@ξ–{—Ώ‚Pi‚P‚T“ϊΘγ‚R‚O“ϊΘ“ΰj","121","16","0","20240601","99999999","0"
"0","301044410","A","105","00","002","00000","—L°f—Γ“ό‰@ξ–{—Ώ‚Qi‚P‚S“ϊΘ“ΰ‚ΜϊΤj","—L°f—Γ“ό‰@ξ–{—Ώ‚Qi‚P‚S“ϊΘ“ΰj","121","14","0","20240601","99999999","0"
"0","301044510","A","105","00","002","00000","—L°f—Γ“ό‰@ξ–{—Ώ‚Qi‚P‚T“ϊΘγ‚R‚O“ϊΘ“ΰ‚ΜϊΤj","—L°f—Γ“ό‰@ξ–{—Ώ‚Qi‚P‚T“ϊΘγ‚R‚O“ϊΘ“ΰj","121","16","0","20240601","99999999","0"
"0","301044710","A","105","00","003","00000","—L°f—Γ“ό‰@ξ–{—Ώ‚Ri‚P‚S“ϊΘ“ΰ‚ΜϊΤj","—L°f—Γ“ό‰@ξ–{—Ώ‚Ri‚P‚S“ϊΘ“ΰj","121","14","0","20240601","99999999","0"
"0","301044810","A","105","00","003","00000","—L°f—Γ“ό‰@ξ–{—Ώ‚Ri‚P‚T“ϊΘγ‚R‚O“ϊΘ“ΰ‚ΜϊΤj","—L°f—Γ“ό‰@ξ–{—Ώ‚Ri‚P‚T“ϊΘγ‚R‚O“ϊΘ“ΰj","121","16","0","20240601","99999999","0"
"0","301008910","A","105","00","004","00000","—L°f—Γ“ό‰@ξ–{—Ώ‚Si‚P‚S“ϊΘ“ΰ‚ΜϊΤj","—L°f—Γ“ό‰@ξ–{—Ώ‚Si‚P‚S“ϊΘ“ΰj","121","14","0","20240601","99999999","0"
"0","301009110","A","105","00","004","00000","—L°f—Γ“ό‰@ξ–{—Ώ‚Si‚P‚T“ϊΘγ‚R‚O“ϊΘ“ΰ‚ΜϊΤj","—L°f—Γ“ό‰@ξ–{—Ώ‚Si‚P‚T“ϊΘγ‚R‚O“ϊΘ“ΰj","121","16","0","20240601","99999999","0"
"0","301009310","A","105","00","005","00000","—L°f—Γ“ό‰@ξ–{—Ώ‚Ti‚P‚S“ϊΘ“ΰ‚ΜϊΤj","—L°f—Γ“ό‰@ξ–{—Ώ‚Ti‚P‚S“ϊΘ“ΰj","121","14","0","20240601","99999999","0"
"0","301009510","A","105","00","005","00000","—L°f—Γ“ό‰@ξ–{—Ώ‚Ti‚P‚T“ϊΘγ‚R‚O“ϊΘ“ΰ‚ΜϊΤj","—L°f—Γ“ό‰@ξ–{—Ώ‚Ti‚P‚T“ϊΘγ‚R‚O“ϊΘ“ΰj","121","16","0","20240601","99999999","0"
"0","301022610","A","105","00","006","00000","—L°f—Γ“ό‰@ξ–{—Ώ‚Ui‚P‚S“ϊΘ“ΰ‚ΜϊΤj","—L°f—Γ“ό‰@ξ–{—Ώ‚Ui‚P‚S“ϊΘ“ΰj","121","14","0","20240601","99999999","0"
"0","301022710","A","105","00","006","00000","—L°f—Γ“ό‰@ξ–{—Ώ‚Ui‚P‚T“ϊΘγ‚R‚O“ϊΘ“ΰ‚ΜϊΤj","—L°f—Γ“ό‰@ξ–{—Ώ‚Ui‚P‚T“ϊΘγ‚R‚O“ϊΘ“ΰj","121","16","0","20240601","99999999","0"
"0","301027870","A","105","00","007","CA076","dΗ™ijσ“όAg‰ΑZi—L°f—Γ“ό‰@ξ–{—Ώj","dΗ™ijσ“όAg‰ΑZi—L°f—Γ“ό‰@ξ–{—Ώj","132","1","0","20240601","99999999","0"
"0","301027970","A","105","00","012","CA077","Εζ‚θ‰ΑZi—L°f—Γ“ό‰@ξ–{—Ώj","Εζ‚θ‰ΑZi—L°f—Γ“ό‰@ξ–{—Ώj","053","1","1","20240601","99999999","0"
"0","301028070","A","105","00","012","CA078","Εζ‚θ‰ΑZiέ‘ξ—Γ—{x‰‡f—Γji—L°f—Γ“ό‰@ξ–{—Ώj","Εζ‚θ‰ΑZiέxfji—L°f—Γ“ό‰@ξ–{—Ώj","053","1","1","20240601","99999999","0"
"0","301065570","A","105","00","016","CA136","‰ξμαQAg‰ΑZ‚Pi—L°f—Γ“ό‰@ξ–{—Ώj","‰ξμαQAg‰ΑZ‚Pi—L°f—Γ“ό‰@ξ–{—Ώj","121","16","0","20240601","99999999","0"
"0","301065670","A","105","00","016","CA137","‰ξμαQAg‰ΑZ‚Qi—L°f—Γ“ό‰@ξ–{—Ώj","‰ξμαQAg‰ΑZ‚Qi—L°f—Γ“ό‰@ξ–{—Ώj","121","16","0","20240601","99999999","0"
"0","301028170","A","106","00","008","CA079","dΗ™ijσ“όAg‰ΑZi—L°f—Γ—Γ—{•a°“ό‰@ξ–{—Ώj","dΗ™ijσ“όAg‰ΑZi—L°f—Γ—Γ—{•a°“ό‰@ξ–{—Ώj","132","1","0","20240601","99999999","0"
"0","301028270","A","106","00","010","CA080","Εζ‚θ‰ΑZi—L°f—Γ—Γ—{•a°“ό‰@ξ–{—Ώj","Εζ‚θ‰ΑZi—L°f—Γ—Γ—{•a°“ό‰@ξ–{—Ώj","053","1","1","20240601","99999999","0"
"0","301028370","A","106","00","010","CA081","Εζ‚θ‰ΑZiέ‘ξ—Γ—{x‰‡f—Γji—L°f—Γ—Γ—{•a°“ό‰@ξ–{—Ώj","Εζ‚θ‰ΑZiέxfji—L°f—Γ—Γ—{•a°“ό‰@ξ–{—Ώj","053","1","1","20240601","99999999","0"
"0","301045310","A","106","00","011","00000","i—Γ—{•a°“ό‰@³j—L°f—Γ“ό‰@ξ–{—Ώ‚Pi‚P‚S“ϊΘ“ΰ‚ΜϊΤj","—Γ—{•a°E—L°f—Γ“ό‰@ξ–{—Ώ‚Pi‚P‚S“ϊΘ“ΰj","121","14","0","20240601","99999999","0"
"0","301045410","A","106","00","011","00000","i—Γ—{•a°“ό‰@³j—L°f—Γ“ό‰@ξ–{—Ώ‚Pi‚P‚T“ϊΘγ‚R‚O“ϊΘ“ΰ‚ΜϊΤj","—Γ—{•a°E—L°f—Γ“ό‰@ξ–{—Ώ‚Pi‚P‚T“ϊΘγ‚R‚O“ϊΘ“ΰj","121","16","0","20240601","99999999","0"
"0","301045610","A","106","00","011","00000","i—Γ—{•a°“ό‰@³j—L°f—Γ“ό‰@ξ–{—Ώ‚Qi‚P‚S“ϊΘ“ΰ‚ΜϊΤj","—Γ—{•a°E—L°f—Γ“ό‰@ξ–{—Ώ‚Qi‚P‚S“ϊΘ“ΰj","121","14","0","20240601","99999999","0"
"0","301045710","A","106","00","011","00000","i—Γ—{•a°“ό‰@³j—L°f—Γ“ό‰@ξ–{—Ώ‚Qi‚P‚T“ϊΘγ‚R‚O“ϊΘ“ΰ‚ΜϊΤj","—Γ—{•a°E—L°f—Γ“ό‰@ξ–{—Ώ‚Qi‚P‚T“ϊΘγ‚R‚O“ϊΘ“ΰj","121","16","0","20240601","99999999","0"
"0","301045910","A","106","00","011","00000","i—Γ—{•a°“ό‰@³j—L°f—Γ“ό‰@ξ–{—Ώ‚Ri‚P‚S“ϊΘ“ΰ‚ΜϊΤj","—Γ—{•a°E—L°f—Γ“ό‰@ξ–{—Ώ‚Ri‚P‚S“ϊΘ“ΰj","121","14","0","20240601","99999999","0"
"0","301046010","A","106","00","011","00000","i—Γ—{•a°“ό‰@³j—L°f—Γ“ό‰@ξ–{—Ώ‚Ri‚P‚T“ϊΘγ‚R‚O“ϊΘ“ΰ‚ΜϊΤj","—Γ—{•a°E—L°f—Γ“ό‰@ξ–{—Ώ‚Ri‚P‚T“ϊΘγ‚R‚O“ϊΘ“ΰj","121","16","0","20240601","99999999","0"
"0","301706310","A","106","00","011","00000","i—Γ—{•a°“ό‰@³j—L°f—Γ“ό‰@ξ–{—Ώ‚Si‚P‚S“ϊΘ“ΰ‚ΜϊΤj","—Γ—{•a°E—L°f—Γ“ό‰@ξ–{—Ώ‚Si‚P‚S“ϊΘ“ΰj","121","14","0","20240601","99999999","0"
"0","301706510","A","106","00","011","00000","i—Γ—{•a°“ό‰@³j—L°f—Γ“ό‰@ξ–{—Ώ‚Si‚P‚T“ϊΘγ‚R‚O“ϊΘ“ΰ‚ΜϊΤj","—Γ—{•a°E—L°f—Γ“ό‰@ξ–{—Ώ‚Si‚P‚T“ϊΘγ‚R‚O“ϊΘ“ΰj","121","16","0","20240601","99999999","0"
"0","301706910","A","106","00","011","00000","i—Γ—{•a°“ό‰@³j—L°f—Γ“ό‰@ξ–{—Ώ‚Ti‚P‚S“ϊΘ“ΰ‚ΜϊΤj","—Γ—{•a°E—L°f—Γ“ό‰@ξ–{—Ώ‚Ti‚P‚S“ϊΘ“ΰj","121","14","0","20240601","99999999","0"
"0","301707110","A","106","00","011","00000","i—Γ—{•a°“ό‰@³j—L°f—Γ“ό‰@ξ–{—Ώ‚Ti‚P‚T“ϊΘγ‚R‚O“ϊΘ“ΰ‚ΜϊΤj","—Γ—{•a°E—L°f—Γ“ό‰@ξ–{—Ώ‚Ti‚P‚T“ϊΘγ‚R‚O“ϊΘ“ΰj","121","16","0","20240601","99999999","0"
"0","301707510","A","106","00","011","00000","i—Γ—{•a°“ό‰@³j—L°f—Γ“ό‰@ξ–{—Ώ‚Ui‚P‚S“ϊΘ“ΰ‚ΜϊΤj","—Γ—{•a°E—L°f—Γ“ό‰@ξ–{—Ώ‚Ui‚P‚S“ϊΘ“ΰj","121","14","0","20240601","99999999","0"
"0","301707710","A","106","00","011","00000","i—Γ—{•a°“ό‰@³j—L°f—Γ“ό‰@ξ–{—Ώ‚Ui‚P‚T“ϊΘγ‚R‚O“ϊΘ“ΰ‚ΜϊΤj","—Γ—{•a°E—L°f—Γ“ό‰@ξ–{—Ώ‚Ui‚P‚T“ϊΘγ‚R‚O“ϊΘ“ΰj","121","16","0","20240601","99999999","0"
"0","301048970","A","200","00","001","BA123","‘‡“ό‰@‘Μ§‰ΑZ‚Pi‚P“ϊ‚Ι‚Β‚«j","‘‡“ό‰@‘Μ§‰ΑZ‚P","121","14","0","20240601","99999999","0"
"0","301056010","A","200","00","002","BA134","‘‡“ό‰@‘Μ§‰ΑZ‚Qi‚P“ϊ‚Ι‚Β‚«j","‘‡“ό‰@‘Μ§‰ΑZ‚Q","121","14","0","20240601","99999999","0"
"0","301011610","A","200","00","003","BA001","‘‡“ό‰@‘Μ§‰ΑZ‚Ri‚P“ϊ‚Ι‚Β‚«j","‘‡“ό‰@‘Μ§‰ΑZ‚R","121","14","0","20240601","99999999","0"
"0","301011710","A","204","00","000","BA002","’nζγ—Γx‰‡•a‰@“ό‰@f—Γ‰ΑZi“ό‰@‰“ϊj","’nζγ—Γx‰‡•a‰@“ό‰@f—Γ‰ΑZ","132","1","0","20240601","99999999","0"
"0","301011810","A","204","02","001","BA003","ξ²^—Υ°¤C•a‰@“ό‰@f—Γ‰ΑZi“ό‰@‰“ϊj","ξ²^—Υ°¤C•a‰@“ό‰@f—Γ‰ΑZ","132","1","0","20240601","99999999","0"
"0","301011910","A","204","02","002","BA004","‹¦—Ν^—Υ°¤C•a‰@“ό‰@f—Γ‰ΑZi“ό‰@‰“ϊj","‹¦—Ν^—Υ°¤C•a‰@“ό‰@f—Γ‰ΑZ","132","1","0","20240601","99999999","0"
"0","301046310","A","205","00","001","BA132","‹~‹}γ—ΓΗ—‰ΑZ‚Pi‚P“ϊ‚Ι‚Β‚«j","‹~‹}γ—ΓΗ—‰ΑZ‚P","121","7","0","20240601","99999999","0"
"0","301046410","A","205","00","002","BA131","‹~‹}γ—ΓΗ—‰ΑZ‚Qi‚P“ϊ‚Ι‚Β‚«j","‹~‹}γ—ΓΗ—‰ΑZ‚Q","121","7","0","20240601","99999999","0"
"0","301012110","A","205","00","003","BA006","“ϋ—c™‰ΑZi‹~‹}γ—ΓΗ—‰ΑZj","“ϋ—c™‰ΑZi‹~‹}γ—ΓΗ—‰ΑZj","121","7","0","20240601","99999999","0"
"0","301145210","A","205","00","003","BA232","‹~‹}γ—ΓΗ—‰ΑZ‚Qi‚P“ϊ‚Ι‚Β‚«ji‚»‚Μ‘Ό‚ΜdΗ‚Θσ‘Τ‚κ’θ„‡Θγj","‹~‹}γ—ΓΗ—‰ΑZ‚Qi‚»‚Μ‘Ό‚ΜdΗ‚Θσ‘Τ‚κ’θ„‡Θγj","121","7","0","20240601","99999999","0"
"0","301028410","A","205","00","004","BA111","¬™‰ΑZi‹~‹}γ—ΓΗ—‰ΑZj","¬™‰ΑZi‹~‹}γ—ΓΗ—‰ΑZj","121","7","0","20240601","99999999","0"
"0","301028510","A","205","02","001","BA112","έ‘ξ³‹Ω‹}“ό‰@f—Γ‰ΑZiέ‘ξ—Γ—{x‰‡f—Γ–”‚Νέ‘ξ—Γ—{x‰‡•a‰@‚ΙW‚ιAg‚Ι‚ζ‚ικ‡ji“ό‰@‰“ϊj","έ‘ξ³‹Ω‹}“ό‰@f—Γ‰ΑZiέxf–”‚Νέx•aj","132","1","0","20240601","99999999","0"
"0","301012210","A","205","02","002","BA007","έ‘ξ³‹Ω‹}“ό‰@f—Γ‰ΑZiAgγ—Γ‹@Φ‚Ε‚ ‚ικ‡i‚P‚Μκ‡‚π‚­Bjji“ό‰@‰“ϊj","έ‘ξ³‹Ω‹}“ό‰@f—Γ‰ΑZiAgγ—Γ‹@Φi‚PΘOjj","132","1","0","20240601","99999999","0"
"0","301012310","A","205","02","003","BA008","έ‘ξ³‹Ω‹}“ό‰@f—Γ‰ΑZi‚P‹y‚Ρ‚QΘO‚Μκ‡ji“ό‰@‰“ϊj","έ‘ξ³‹Ω‹}“ό‰@f—Γ‰ΑZi‚PA‚QΘOj","132","1","0","20240601","99999999","0"
"0","301145310","A","206","00","001","BA233","f—Γ^Η—‘Μ§‰ΑZ‚Pi“ό‰@‰“ϊj","f—Γ^Η—‘Μ§‰ΑZ‚P","132","1","0","20240601","99999999","0"
"0","301145410","A","206","00","002","BA234","f—Γ^Η—‘Μ§‰ΑZ‚Qi“ό‰@‰“ϊj","f—Γ^Η—‘Μ§‰ΑZ‚Q","132","1","0","20240601","99999999","0"
"0","301145510","A","206","00","003","BA235","f—Γ^Η—‘Μ§‰ΑZ‚Ri“ό‰@‰“ϊj","f—Γ^Η—‘Μ§‰ΑZ‚R","132","1","0","20240601","99999999","0"
"0","301046610","A","206","02","001","BA113","‚P‚T‘Ξ‚P•β•‘Μ§‰ΑZiγt––±μ‹Ζ•β•‘Μ§‰ΑZ‚Pji“ό‰@‰“ϊj","‚P‚T‘Ξ‚P•β•‘Μ§‰ΑZiγt––±μ‹Ζ•β•‘Μ§‰ΑZ‚Pj","132","1","0","20240601","99999999","0"
"0","301046710","A","206","02","001","BA114","‚Q‚O‘Ξ‚P•β•‘Μ§‰ΑZiγt––±μ‹Ζ•β•‘Μ§‰ΑZ‚Pji“ό‰@‰“ϊj","‚Q‚O‘Ξ‚P•β•‘Μ§‰ΑZiγt––±μ‹Ζ•β•‘Μ§‰ΑZ‚Pj","132","1","0","20240601","99999999","0"
"0","301046810","A","206","02","001","BA115","‚Q‚T‘Ξ‚P•β•‘Μ§‰ΑZiγt––±μ‹Ζ•β•‘Μ§‰ΑZ‚Pji“ό‰@‰“ϊj","‚Q‚T‘Ξ‚P•β•‘Μ§‰ΑZiγt––±μ‹Ζ•β•‘Μ§‰ΑZ‚Pj","132","1","0","20240601","99999999","0"
"0","301046910","A","206","02","001","BA116","‚R‚O‘Ξ‚P•β•‘Μ§‰ΑZiγt––±μ‹Ζ•β•‘Μ§‰ΑZ‚Pji“ό‰@‰“ϊj","‚R‚O‘Ξ‚P•β•‘Μ§‰ΑZiγt––±μ‹Ζ•β•‘Μ§‰ΑZ‚Pj","132","1","0","20240601","99999999","0"
"0","301047010","A","206","02","001","BA117","‚S‚O‘Ξ‚P•β•‘Μ§‰ΑZiγt––±μ‹Ζ•β•‘Μ§‰ΑZ‚Pji“ό‰@‰“ϊj","‚S‚O‘Ξ‚P•β•‘Μ§‰ΑZiγt––±μ‹Ζ•β•‘Μ§‰ΑZ‚Pj","132","1","0","20240601","99999999","0"
"0","301047110","A","206","02","001","BA118","‚T‚O‘Ξ‚P•β•‘Μ§‰ΑZiγt––±μ‹Ζ•β•‘Μ§‰ΑZ‚Pji“ό‰@‰“ϊj","‚T‚O‘Ξ‚P•β•‘Μ§‰ΑZiγt––±μ‹Ζ•β•‘Μ§‰ΑZ‚Pj","132","1","0","20240601","99999999","0"
"0","301047210","A","206","02","001","BA119","‚V‚T‘Ξ‚P•β•‘Μ§‰ΑZiγt––±μ‹Ζ•β•‘Μ§‰ΑZ‚Pji“ό‰@‰“ϊj","‚V‚T‘Ξ‚P•β•‘Μ§‰ΑZiγt––±μ‹Ζ•β•‘Μ§‰ΑZ‚Pj","132","1","0","20240601","99999999","0"
"0","301047310","A","206","02","001","BA120","‚P‚O‚O‘Ξ‚P•β•‘Μ§‰ΑZiγt––±μ‹Ζ•β•‘Μ§‰ΑZ‚Pji“ό‰@‰“ϊj","‚P‚O‚O‘Ξ‚P•β•‘Μ§‰ΑZiγt––±μ‹Ζ•β•‘Μ§‰ΑZ‚Pj","132","1","0","20240601","99999999","0"
"0","301012510","A","206","02","002","BA010","‚Q‚T‘Ξ‚P•β•‘Μ§‰ΑZiγt––±μ‹Ζ•β•‘Μ§‰ΑZ‚Qji“ό‰@‰“ϊj","‚Q‚T‘Ξ‚P•β•‘Μ§‰ΑZiγt––±μ‹Ζ•β•‘Μ§‰ΑZ‚Qj","132","1","0","20240601","99999999","0"
"0","301012610","A","206","02","002","BA011","‚T‚O‘Ξ‚P•β•‘Μ§‰ΑZiγt––±μ‹Ζ•β•‘Μ§‰ΑZ‚Qji“ό‰@‰“ϊj","‚T‚O‘Ξ‚P•β•‘Μ§‰ΑZiγt––±μ‹Ζ•β•‘Μ§‰ΑZ‚Qj","132","1","0","20240601","99999999","0"
"0","301012710","A","206","02","002","BA012","‚V‚T‘Ξ‚P•β•‘Μ§‰ΑZiγt––±μ‹Ζ•β•‘Μ§‰ΑZ‚Qji“ό‰@‰“ϊj","‚V‚T‘Ξ‚P•β•‘Μ§‰ΑZiγt––±μ‹Ζ•β•‘Μ§‰ΑZ‚Qj","132","1","0","20240601","99999999","0"
"0","301012810","A","206","02","002","BA013","‚P‚O‚O‘Ξ‚P•β•‘Μ§‰ΑZiγt––±μ‹Ζ•β•‘Μ§‰ΑZ‚Qji“ό‰@‰“ϊj","‚P‚O‚O‘Ξ‚P•β•‘Μ§‰ΑZiγt––±μ‹Ζ•β•‘Μ§‰ΑZ‚Qj","132","1","0","20240601","99999999","0"
"0","301023210","A","206","02","002","BA065","‚P‚T‘Ξ‚P•β•‘Μ§‰ΑZiγt––±μ‹Ζ•β•‘Μ§‰ΑZ‚Qji“ό‰@‰“ϊj","‚P‚T‘Ξ‚P•β•‘Μ§‰ΑZiγt––±μ‹Ζ•β•‘Μ§‰ΑZ‚Qj","132","1","0","20240601","99999999","0"
"0","301023310","A","206","02","002","BA066","‚Q‚O‘Ξ‚P•β•‘Μ§‰ΑZiγt––±μ‹Ζ•β•‘Μ§‰ΑZ‚Qji“ό‰@‰“ϊj","‚Q‚O‘Ξ‚P•β•‘Μ§‰ΑZiγt––±μ‹Ζ•β•‘Μ§‰ΑZ‚Qj","132","1","0","20240601","99999999","0"
"0","301028610","A","206","02","002","BA081","‚R‚O‘Ξ‚P•β•‘Μ§‰ΑZiγt––±μ‹Ζ•β•‘Μ§‰ΑZ‚Qji“ό‰@‰“ϊj","‚R‚O‘Ξ‚P•β•‘Μ§‰ΑZiγt––±μ‹Ζ•β•‘Μ§‰ΑZ‚Qj","132","1","0","20240601","99999999","0"
"0","301028710","A","206","02","002","BA082","‚S‚O‘Ξ‚P•β•‘Μ§‰ΑZiγt––±μ‹Ζ•β•‘Μ§‰ΑZ‚Qji“ό‰@‰“ϊj","‚S‚O‘Ξ‚P•β•‘Μ§‰ΑZiγt––±μ‹Ζ•β•‘Μ§‰ΑZ‚Qj","132","1","0","20240601","99999999","0"
"0","301028810","A","206","03","001","BA083","‚Q‚T‘Ξ‚P‹}«ϊΕμ•β•‘Μ§‰ΑZiΕμ•β•‚T„Θγji‚P“ϊ‚Ι‚Β‚«j","‚Q‚T‘Ξ‚P‹}«ϊΕμ•β•‘Μ§‰ΑZiΕμ•β•‚T„Θγj","121","14","0","20240601","99999999","0"
"0","301028910","A","206","03","002","BA084","‚Q‚T‘Ξ‚P‹}«ϊΕμ•β•‘Μ§‰ΑZiΕμ•β•‚T„–Ά–ji‚P“ϊ‚Ι‚Β‚«j","‚Q‚T‘Ξ‚P‹}«ϊΕμ•β•‘Μ§‰ΑZiΕμ•β•‚T„–Ά–j","121","14","0","20240601","99999999","0"
"0","301023410","A","206","03","003","BA067","‚T‚O‘Ξ‚P‹}«ϊΕμ•β•‘Μ§‰ΑZi‚P“ϊ‚Ι‚Β‚«j","‚T‚O‘Ξ‚P‹}«ϊΕμ•β•‘Μ§‰ΑZ","121","14","0","20240601","99999999","0"
"0","301023510","A","206","03","004","BA068","‚V‚T‘Ξ‚P‹}«ϊΕμ•β•‘Μ§‰ΑZi‚P“ϊ‚Ι‚Β‚«j","‚V‚T‘Ξ‚P‹}«ϊΕμ•β•‘Μ§‰ΑZ","121","14","0","20240601","99999999","0"
"0","301029070","A","206","03","005","BA085","–ιΤ‚T‚O‘Ξ‚P‹}«ϊΕμ•β•‘Μ§‰ΑZ","–ιΤ‚T‚O‘Ξ‚P‹}«ϊΕμ•β•‘Μ§‰ΑZ","121","14","0","20240601","99999999","0"
"0","301029170","A","206","03","005","BA086","–ιΤ‚P‚O‚O‘Ξ‚P‹}«ϊΕμ•β•‘Μ§‰ΑZ","–ιΤ‚P‚O‚O‘Ξ‚P‹}«ϊΕμ•β•‘Μ§‰ΑZ","121","14","0","20240601","99999999","0"
"0","301047410","A","206","03","005","BA121","–ιΤ‚R‚O‘Ξ‚P‹}«ϊΕμ•β•‘Μ§‰ΑZ","–ιΤ‚R‚O‘Ξ‚P‹}«ϊΕμ•β•‘Μ§‰ΑZ","121","14","0","20240601","99999999","0"
"0","301056170","A","206","03","006","BA135","–ιΤΕμ‘Μ§‰ΑZi‹}«ϊΕμ•β•‘Μ§‰ΑZj","–ιΤΕμ‘Μ§‰ΑZi‹}«ϊΕμ•β•‘Μ§‰ΑZj","121","14","0","20240601","99999999","0"
"0","301056210","A","206","04","001","BA152","ΕμEυ–ιΤ‚P‚Q‘Ξ‚P”z’u‰ΑZ‚Pi‚P“ϊ‚Ι‚Β‚«j","ΕμEυ–ιΤ‚P‚Q‘Ξ‚P”z’u‰ΑZ‚P","121","14","0","20240601","99999999","0"
"0","301056310","A","206","04","001","BA153","ΕμEυ–ιΤ‚P‚Q‘Ξ‚P”z’u‰ΑZ‚Qi‚P“ϊ‚Ι‚Β‚«j","ΕμEυ–ιΤ‚P‚Q‘Ξ‚P”z’u‰ΑZ‚Q","121","14","0","20240601","99999999","0"
"0","301056410","A","206","04","002","BA154","ΕμEυ–ιΤ‚P‚U‘Ξ‚P”z’u‰ΑZ‚Pi‚P“ϊ‚Ι‚Β‚«j","ΕμEυ–ιΤ‚P‚U‘Ξ‚P”z’u‰ΑZ‚P","121","14","0","20240601","99999999","0"
"0","301072110","A","206","04","002","BA173","ΕμEυ–ιΤ‚P‚U‘Ξ‚P”z’u‰ΑZ‚Qi‚P“ϊ‚Ι‚Β‚«j","ΕμEυ–ιΤ‚P‚U‘Ξ‚P”z’u‰ΑZ‚Q","121","14","0","20240601","99999999","0"
"0","301146010","A","208","00","003","BA240","“Α’θ΄υΗ“ό‰@γ—ΓΗ—‰ΑZi΅—ΓΊ‚Μκ‡ji‹^—Ηji‚P“ϊ‚Ι‚Β‚«j","“Α’θ΄υΗ“ό‰@γ—ΓΗ—‰ΑZi΅—ΓΊji‹^—Ηj","133","1","0","20240601","99999999","0"
"0","301146110","A","208","00","003","BA241","“Α’θ΄υΗ“ό‰@γ—ΓΗ—‰ΑZi‚PΘO‚Μκ‡ji‹^—Ηji‚P“ϊ‚Ι‚Β‚«j","“Α’θ΄υΗ“ό‰@γ—ΓΗ—‰ΑZi‚PΘOji‹^—Ηj","133","1","0","20240601","99999999","0"
"0","301023670","A","208","03","003","BA079","‹~‹}Eέ‘ξdΗ™ijσ“ό‰ΑZ","‹~‹}Eέ‘ξdΗ™ijσ“ό‰ΑZ","121","5","0","20240601","99999999","0"
"0","301056570","A","210","00","004","BA136","–ιΤ‚V‚T‘Ξ‚PΕμ•β•‰ΑZ","–ιΤ‚V‚T‘Ξ‚PΕμ•β•‰ΑZ","121","20","0","20240601","99999999","0"
"0","301146410","A","216","02","003","BA244","“Α’θ΄υΗ³—Γ—{Β‹«“Α•Κ‰ΑZiΒΊji‹^—Ηji‚P“ϊ‚Ι‚Β‚«j","“Α’θ΄υΗ³—Γ—{Β‹«“Α•Κ‰ΑZiΒΊji‹^—Ηj","133","1","0","20240601","99999999","0"
"0","301183310","A","216","02","003","BA257","“Α’θ΄υΗ³—Γ—{Β‹«“Α•Κ‰ΑZi‰A³Ίji‹^—Ηji‚P“ϊ‚Ι‚Β‚«j","“Α’θ΄υΗ³—Γ—{Β‹«“Α•Κ‰ΑZi‰A³Ίji‹^—Ηj","133","1","0","20240601","99999999","0"
"0","301016910","A","222","00","001","BA054","‚‚ρf—ΓAg‹’“_•a‰@‰ΑZi‚‚ρf—ΓAg‹’“_•a‰@ji“ό‰@‰“ϊj","‚‚ρf—ΓAg‹’“_•a‰@‰ΑZi‚‚ρf—ΓAg‹’“_•a‰@j","132","1","0","20240601","99999999","0"
"0","301056810","A","222","00","001","BA138","‚‚ρf—ΓAg‹’“_•a‰@‰ΑZi’nζ‚‚ρf—Γ•a‰@ji“ό‰@‰“ϊj","‚‚ρf—ΓAg‹’“_•a‰@‰ΑZi’nζ‚‚ρf—Γ•a‰@j","132","1","0","20240601","99999999","0"
"0","301056910","A","222","00","002","BA139","¬™‚‚ρ‹’“_•a‰@‰ΑZi“ό‰@‰“ϊj","¬™‚‚ρ‹’“_•a‰@‰ΑZ","132","1","0","20240601","99999999","0"
"0","301066010","A","222","00","003","BA158","‚‚ρƒQƒmƒ€‹’“_•a‰@‰ΑZ","‚‚ρƒQƒmƒ€‹’“_•a‰@‰ΑZ","132","1","0","20240601","99999999","0"
"0","301146810","A","222","00","003","BA248","‚‚ρf—ΓAg‹’“_•a‰@‰ΑZi“Α—α^ji‚‚ρf—ΓAg‹’“_j","‚‚ρf—ΓAg‹’“_•a‰@‰ΑZi“Α—α^ji‚‚ρf—ΓAg‹’“_j","132","1","0","20240601","99999999","0"
"0","301146910","A","222","00","003","BA249","‚‚ρf—ΓAg‹’“_•a‰@‰ΑZi“Α—α^ji’nζ‚‚ρf—Γ•a‰@j","‚‚ρf—ΓAg‹’“_•a‰@‰ΑZi“Α—α^ji’nζ‚‚ρf—Γ•a‰@j","132","1","0","20240601","99999999","0"
"0","301147010","A","223","00","000","BA250","ƒƒnƒrƒƒe[ƒVƒ‡ƒ“E‰h—{EϋoAg‘Μ§‰ΑZi‚P“ϊ‚Ι‚Β‚«j","ƒƒnƒrƒƒe[ƒVƒ‡ƒ“E‰h—{EϋoAg‘Μ§‰ΑZ","121","14","0","20240601","99999999","0"
"0","301023810","A","223","02","000","BA070","‰h—{ƒTƒ|[ƒgƒ`[ƒ€‰ΑZiT‚P‰ρj","‰h—{ƒTƒ|[ƒgƒ`[ƒ€‰ΑZ","138","5","0","20240601","99999999","0"
"0","301030010","A","223","02","002","BA096","‰h—{ƒTƒ|[ƒgƒ`[ƒ€‰ΑZi“Α’θ’nζjiT‚P‰ρj","‰h—{ƒTƒ|[ƒgƒ`[ƒ€‰ΑZi“Α’θ’nζj","138","5","0","20240601","99999999","0"
"0","301057070","A","223","02","002","BA140","•‰ΘγtAg‰ΑZ","•‰ΘγtAg‰ΑZ","138","5","0","20240601","99999999","0"
"0","301017110","A","224","00","001","BA056","γ—Γΐ‘S‘Ξτ‰ΑZ‚Pi“ό‰@‰“ϊj","γ—Γΐ‘S‘Ξτ‰ΑZ‚P","132","1","0","20240601","99999999","0"
"0","301023910","A","224","00","002","BA071","γ—Γΐ‘S‘Ξτ‰ΑZ‚Qi“ό‰@‰“ϊj","γ—Γΐ‘S‘Ξτ‰ΑZ‚Q","132","1","0","20240601","99999999","0"
"0","301066110","A","224","00","003","BA159","γ—Γΐ‘S‘Ξτ’nζAg‰ΑZ‚P","γ—Γΐ‘S‘Ξτ’nζAg‰ΑZ‚P","132","1","0","20240601","99999999","0"
"0","301066210","A","224","00","003","BA160","γ—Γΐ‘S‘Ξτ’nζAg‰ΑZ‚Q","γ—Γΐ‘S‘Ξτ’nζAg‰ΑZ‚Q","132","1","0","20240601","99999999","0"
"0","301030410","A","224","03","000","BA100","³ƒTƒ|[ƒg‘Μ§[ΐ‰ΑZi“ό‰@‰“ϊj","³ƒTƒ|[ƒg‘Μ§[ΐ‰ΑZ","132","1","0","20240601","99999999","0"
"0","301017310","A","226","00","000","BA058","εραƒnƒCƒƒXƒN³ƒPƒA‰ΑZi“ό‰@’†‚P‰ρj","εραƒnƒCƒƒXƒN³ƒPƒA‰ΑZ","133","1","0","20240601","99999999","0"
"0","301047510","A","226","00","001","BA122","εραƒnƒCƒƒXƒN³ƒPƒA‰ΑZi“Α’θ’nζji“ό‰@’†‚P‰ρj","εραƒnƒCƒƒXƒN³ƒPƒA‰ΑZi“Α’θ’nζj","133","1","0","20240601","99999999","0"
"0","301057110","A","227","05","001","BA143","“ό‘ή‰@x‰‡‰ΑZ‚Piκ”Κ•a““ό‰@ξ–{—Ώ“™‚Μκ‡ji‘ή‰@‚P‰ρj","“ό‘ή‰@x‰‡‰ΑZ‚Piκ”Κ•a““ό‰@ξ–{—Ώ“™‚Μκ‡j","134","1","0","20240601","99999999","0"
"0","301057210","A","227","05","001","BA144","“ό‘ή‰@x‰‡‰ΑZ‚Pi—Γ—{•a““ό‰@ξ–{—Ώ“™‚Μκ‡ji‘ή‰@‚P‰ρj","“ό‘ή‰@x‰‡‰ΑZ‚Pi—Γ—{•a““ό‰@ξ–{—Ώ“™‚Μκ‡j","134","1","0","20240601","99999999","0"
"0","301057310","A","227","05","002","BA145","“ό‘ή‰@x‰‡‰ΑZ‚Qiκ”Κ•a““ό‰@ξ–{—Ώ“™‚Μκ‡ji‘ή‰@‚P‰ρj","“ό‘ή‰@x‰‡‰ΑZ‚Qiκ”Κ•a““ό‰@ξ–{—Ώ“™‚Μκ‡j","134","1","0","20240601","99999999","0"
"0","301057410","A","227","05","002","BA146","“ό‘ή‰@x‰‡‰ΑZ‚Qi—Γ—{•a““ό‰@ξ–{—Ώ“™‚Μκ‡ji‘ή‰@‚P‰ρj","“ό‘ή‰@x‰‡‰ΑZ‚Qi—Γ—{•a““ό‰@ξ–{—Ώ“™‚Μκ‡j","134","1","0","20240601","99999999","0"
"0","301057510","A","227","05","003","BA147","“ό‘ή‰@x‰‡‰ΑZ‚Ri‘ή‰@‚P‰ρj","“ό‘ή‰@x‰‡‰ΑZ‚R","134","1","0","20240601","99999999","0"
"0","301057670","A","227","05","004","BA148","’nζAgf—Γv‰ζ‰ΑZi“ό‘ή‰@x‰‡‰ΑZj","’nζAgf—Γv‰ζ‰ΑZi“ό‘ή‰@x‰‡‰ΑZj","134","1","0","20240601","99999999","0"
"0","301057710","A","227","05","005","BA149","“ό‘ή‰@x‰‡‰ΑZi“Α’θ’nζjiκ”Κ•a““ό‰@ξ–{—Ώ“™‚Μκ‡j","“ό‘ή‰@x‰‡‰ΑZi“Α’θ’nζjiκ”Κ•a““ό‰@ξ–{—Ώ“™‚Μκ‡j","134","1","0","20240601","99999999","0"
"0","301057810","A","227","05","005","BA150","“ό‘ή‰@x‰‡‰ΑZi“Α’θ’nζji—Γ—{•a““ό‰@ξ–{—Ώ“™‚Μκ‡j","“ό‘ή‰@x‰‡‰ΑZi“Α’θ’nζji—Γ—{•a““ό‰@ξ–{—Ώ“™‚Μκ‡j","134","1","0","20240601","99999999","0"
"0","301066410","A","227","05","006","BA162","¬™‰ΑZi“ό‘ή‰@x‰‡‰ΑZ‚P–”‚Ν‚Qj","¬™‰ΑZi“ό‘ή‰@x‰‡‰ΑZ‚P–”‚Ν‚Qj","134","1","0","20240601","99999999","0"
"0","301066510","A","227","05","007","BA163","“ό‰@x‰‡‰ΑZ‚Pi“ό‘ή‰@x‰‡‰ΑZj","“ό‰@x‰‡‰ΑZ‚Pi“ό‘ή‰@x‰‡‰ΑZj","134","1","0","20240601","99999999","0"
"0","301073510","A","227","05","007","BA174","“ό‰@x‰‡‰ΑZ‚Qi“ό‘ή‰@x‰‡‰ΑZj","“ό‰@x‰‡‰ΑZ‚Qi“ό‘ή‰@x‰‡‰ΑZj","134","1","0","20240601","99999999","0"
"0","301073610","A","227","05","008","BA175","‘‡‹@”\•]‰Ώ‰ΑZi“ό‘ή‰@x‰‡‰ΑZj","‘‡‹@”\•]‰Ώ‰ΑZi“ό‘ή‰@x‰‡‰ΑZj","134","1","0","20240601","99999999","0"
"0","301147470","A","227","05","009","BA252","“ό‰@–‘O’²®‰ΑZi“ό‘ή‰@x‰‡‰ΑZj","“ό‰@–‘O’²®‰ΑZi“ό‘ή‰@x‰‡‰ΑZj","134","1","0","20240601","99999999","0"
"0","301147510","A","227","06","000","BA253","γ—Γ“IƒPƒA™ij“ό‰@‘Ox‰‡‰ΑZ","γ—Γ“IƒPƒA™ij“ό‰@‘Ox‰‡‰ΑZ","132","1","0","20240601","99999999","0"
"0","301147610","A","227","06","001","BA254","γ—Γ“IƒPƒA™ij“ό‰@‘Ox‰‡‰ΑZiξ•ρ’ΚM‹@ν‚π—p‚Ά‚½κ‡j","γ—Γ“IƒPƒA™ij“ό‰@‘Ox‰‡‰ΑZiξ•ρ’ΚM‹@ν‚π—p‚Ά‚½κ‡j","132","1","0","20240601","99999999","0"
"0","301066610","A","228","00","001","BA164","”F’mΗƒPƒA‰ΑZ‚Pi‚P‚S“ϊΘ“ΰ‚ΜϊΤji‚P“ϊ‚Ι‚Β‚«j","”F’mΗƒPƒA‰ΑZ‚Pi‚P‚S“ϊΘ“ΰj","121","14","0","20240601","99999999","0"
"0","301073710","A","228","00","002","BA176","”F’mΗƒPƒA‰ΑZ‚Qi‚P‚S“ϊΘ“ΰ‚ΜϊΤji‚P“ϊ‚Ι‚Β‚«j","”F’mΗƒPƒA‰ΑZ‚Qi‚P‚S“ϊΘ“ΰj","121","14","0","20240601","99999999","0"
"0","301066810","A","228","00","003","BA166","”F’mΗƒPƒA‰ΑZ‚Ri‚P‚S“ϊΘ“ΰ‚ΜϊΤji‚P“ϊ‚Ι‚Β‚«j","”F’mΗƒPƒA‰ΑZ‚Ri‚P‚S“ϊΘ“ΰj","121","14","0","20240601","99999999","0"
"0","301067010","A","228","00","004","BA168","”F’mΗƒPƒA‰ΑZ‚Pi‚P‚S“ϊΘ“ΰ‚ΜϊΤjig‘Μ“IS‘©‚πΐ{‚µ‚½κ‡ji‚P“ϊ‚Ι‚Β‚«j","”F’mΗƒPƒA‰ΑZ‚Pi‚P‚S“ϊΘ“ΰjg‘Μ“IS‘©ΐ{","121","14","0","20240601","99999999","0"
"0","301067210","A","228","00","004","BA170","”F’mΗƒPƒA‰ΑZ‚Ri‚P‚S“ϊΘ“ΰ‚ΜϊΤjig‘Μ“IS‘©‚πΐ{‚µ‚½κ‡ji‚P“ϊ‚Ι‚Β‚«j","”F’mΗƒPƒA‰ΑZ‚Ri‚P‚S“ϊΘ“ΰjg‘Μ“IS‘©ΐ{","121","14","0","20240601","99999999","0"
"0","301073910","A","228","00","004","BA178","”F’mΗƒPƒA‰ΑZ‚Qi‚P‚S“ϊΘ“ΰ‚ΜϊΤjig‘Μ“IS‘©‚πΐ{‚µ‚½κ‡ji‚P“ϊ‚Ι‚Β‚«j","”F’mΗƒPƒA‰ΑZ‚Qi‚P‚S“ϊΘ“ΰjg‘Μ“IS‘©ΐ{","121","14","0","20240601","99999999","0"
"0","301074110","A","228","02","000","BA180","‚Ή‚ρ–ΟƒnƒCƒƒXƒN³ƒPƒA‰ΑZi“ό‰@’†‚P‰ρj","‚Ή‚ρ–ΟƒnƒCƒƒXƒN³ƒPƒA‰ΑZ","133","1","0","20240601","99999999","0"
"0","301067410","A","243","00","001","BA172","γ”­γ–ς•ig—p‘Μ§‰ΑZ‚Pi“ό‰@‰“ϊj","γ”­γ–ς•ig—p‘Μ§‰ΑZ‚P","132","1","0","20240601","99999999","0"
"0","301057910","A","243","00","002","BA141","γ”­γ–ς•ig—p‘Μ§‰ΑZ‚Qi“ό‰@‰“ϊj","γ”­γ–ς•ig—p‘Μ§‰ΑZ‚Q","132","1","0","20240601","99999999","0"
"0","301024710","A","243","00","003","BA078","γ”­γ–ς•ig—p‘Μ§‰ΑZ‚Ri“ό‰@‰“ϊj","γ”­γ–ς•ig—p‘Μ§‰ΑZ‚R","132","1","0","20240601","99999999","0"
"0","301147210","A","243","02","000","BA255","ƒoƒCƒIγ‘±•ig—p‘Μ§‰ΑZi“ό‰@‰“ϊj","ƒoƒCƒIγ‘±•ig—p‘Μ§‰ΑZ","132","1","0","20240601","99999999","0"
"0","301031410","A","244","00","001","BA110","•a“–ςά‹Ζ–±ΐ{‰ΑZ‚PiT‚P‰ρj","•a“–ςά‹Ζ–±ΐ{‰ΑZ‚P","138","5","0","20240601","99999999","0"
"0","301147370","A","244","00","003","BA256","–ςά‹Ζ–±όγ‰ΑZi•a“–ςά‹Ζ–±ΐ{‰ΑZ‚Pj","–ςά‹Ζ–±όγ‰ΑZi•a“–ςά‹Ζ–±ΐ{‰ΑZ‚Pj","138","5","0","20240601","99999999","0"
"0","301058110","A","245","00","000","BA151","–ςά‘‡•]‰Ώ’²®‰ΑZi‘ή‰@‚P‰ρj","–ςά‘‡•]‰Ώ’²®‰ΑZ","134","1","0","20240601","99999999","0"
"0","301074270","A","245","00","002","BA181","–ςά’²®‰ΑZ","–ςά’²®‰ΑZ","134","1","0","20240601","99999999","0"
"0","301074310","A","246","00","000","BA182","’nζγ—Γ‘Μ§m•Ϋ‰ΑZi“ό‰@‰“ϊj","’nζγ—Γ‘Μ§m•Ϋ‰ΑZ","132","1","0","20240601","99999999","0"
"0","301017910","A","250","00","000","BA064","’nζ•‰Θf—Γx‰‡•a‰@“ό‰@‰ΑZ","’n•“ό‰@","132","1","0","20240601","99999999","0"
"0","301048310","A","300","00","001","00000","“Α’θW’†΅—ΓΊΗ——Ώ‚Pi‚V“ϊΘ“ΰ‚ΜϊΤj","“Α’θW’†΅—ΓΊΗ——Ώ‚Pi‚V“ϊΘ“ΰj","121","7","0","20240601","99999999","0"
"0","301048410","A","300","00","001","00000","“Α’θW’†΅—ΓΊΗ——Ώ‚Pi‚W“ϊΘγ‚ΜϊΤj","“Α’θW’†΅—ΓΊΗ——Ώ‚Pi‚W“ϊΘγj","121","7","0","20240601","99999999","0"
"0","301048510","A","300","00","002","00000","“Α’θW’†΅—ΓΊΗ——Ώ‚Qi“Α’θW’†΅—ΓΊΗ——Ώji‚V“ϊΘ“ΰ‚ΜϊΤj","“Α’θW’†΅—ΓΊΗ——Ώ‚Qi“Α’θW’†΅—ΓΊΗ——ΏE‚V“ϊΘ“ΰj","121","7","0","20240601","99999999","0"
"0","301048610","A","300","00","002","00000","“Α’θW’†΅—ΓΊΗ——Ώ‚Qi“Α’θW’†΅—ΓΊΗ——Ώji‚W“ϊΘγ‚ΜϊΤj","“Α’θW’†΅—ΓΊΗ——Ώ‚Qi“Α’θW’†΅—ΓΊΗ——ΏE‚W“ϊΘγj","121","7","0","20240601","99999999","0"
"0","301048710","A","300","00","002","00000","“Α’θW’†΅—ΓΊΗ——Ώ‚QiL”ΝΝ”M“Α’θW’†΅—ΓΗ——Ώji‚V“ϊΘ“ΰ‚ΜϊΤj","“Α’θW’†΅—ΓΊΗ——Ώ‚QiL”ΝΝ”M“Α’θW’†΅—ΓE‚V“ϊΘ“ΰj","121","7","0","20240601","99999999","0"
"0","301018010","A","300","00","003","00000","“Α’θW’†΅—ΓΊΗ——Ώ‚Ri‚V“ϊΘ“ΰ‚ΜϊΤj","“Α’θW’†΅—ΓΊΗ——Ώ‚Ri‚V“ϊΘ“ΰj","121","7","0","20240601","99999999","0"
"0","301018110","A","300","00","003","00000","“Α’θW’†΅—ΓΊΗ——Ώ‚Ri‚W“ϊΘγ‚ΜϊΤj","“Α’θW’†΅—ΓΊΗ——Ώ‚Ri‚W“ϊΘγj","121","7","0","20240601","99999999","0"
"0","301024810","A","300","00","004","00000","“Α’θW’†΅—ΓΊΗ——Ώ‚Si“Α’θW’†΅—ΓΊΗ——Ώji‚V“ϊΘ“ΰ‚ΜϊΤj","“Α’θW’†΅—ΓΊΗ——Ώ‚Si“Α’θW’†΅—ΓΊΗ——ΏE‚V“ϊΘ“ΰj","121","7","0","20240601","99999999","0"
"0","301024910","A","300","00","004","00000","“Α’θW’†΅—ΓΊΗ——Ώ‚Si“Α’θW’†΅—ΓΊΗ——Ώji‚W“ϊΘγ‚ΜϊΤj","“Α’θW’†΅—ΓΊΗ——Ώ‚Si“Α’θW’†΅—ΓΊΗ——ΏE‚W“ϊΘγj","121","7","0","20240601","99999999","0"
"0","301025010","A","300","00","004","00000","“Α’θW’†΅—ΓΊΗ——Ώ‚SiL”ΝΝ”M“Α’θW’†΅—ΓΗ——Ώji‚V“ϊΘ“ΰ‚ΜϊΤj","“Α’θW’†΅—ΓΊΗ——Ώ‚SiL”ΝΝ”M“Α’θW’†΅—ΓE‚V“ϊΘ“ΰj","121","7","0","20240601","99999999","0"
"0","301147710","A","300","00","005","00000","“Α’θW’†΅—ΓΊΗ——Ώ‚Ti‚V“ϊΘ“ΰ‚ΜϊΤj","“Α’θW’†΅—ΓΊΗ——Ώ‚Ti‚V“ϊΘ“ΰj","121","7","0","20240601","99999999","0"
"0","301147810","A","300","00","005","00000","“Α’θW’†΅—ΓΊΗ——Ώ‚Ti‚W“ϊΘγ‚ΜϊΤj","“Α’θW’†΅—ΓΊΗ——Ώ‚Ti‚W“ϊΘγj","121","7","0","20240601","99999999","0"
"0","301148110","A","300","00","006","00000","“Α’θW’†΅—ΓΊΗ——Ώ‚Ui“Α’θW’†΅—ΓΊΗ——Ώji‚V“ϊΘ“ΰ‚ΜϊΤj","“Α’θW’†΅—ΓΊΗ——Ώ‚Ui“Α’θW’†΅—ΓΊΗ——ΏE‚V“ϊΘ“ΰj","121","7","0","20240601","99999999","0"
"0","301148210","A","300","00","006","00000","“Α’θW’†΅—ΓΊΗ——Ώ‚Ui“Α’θW’†΅—ΓΊΗ——Ώji‚W“ϊΘγ‚ΜϊΤj","“Α’θW’†΅—ΓΊΗ——Ώ‚Ui“Α’θW’†΅—ΓΊΗ——ΏE‚W“ϊΘγj","121","7","0","20240601","99999999","0"
"0","301148310","A","300","00","006","00000","“Α’θW’†΅—ΓΊΗ——Ώ‚UiL”ΝΝ”M“Α’θW’†΅—ΓΗ——Ώji‚V“ϊΘ“ΰ‚ΜϊΤj","“Α’θW’†΅—ΓΊΗ——Ώ‚UiL”ΝΝ”M“Α’θW’†΅—ΓE‚V“ϊΘ“ΰj","121","7","0","20240601","99999999","0"
"0","301025270","A","300","00","007","CA055","¬™‰ΑZi“Α’θW’†΅—ΓΊΗ——Ώji‚V“ϊΘ“ΰ‚ΜϊΤj","¬™‰ΑZi“Α’θW’†΅—ΓΊΗ——Ώji‚V“ϊΘ“ΰj","121","7","0","20240601","99999999","0"
"0","301025370","A","300","00","007","CA056","¬™‰ΑZi“Α’θW’†΅—ΓΊΗ——Ώji‚W“ϊΘγ‚P‚S“ϊΘ“ΰ‚ΜϊΤj","¬™‰ΑZi“Α’θW’†΅—ΓΊΗ——Ώji‚W“ϊΘγ‚P‚S“ϊΘ“ΰj","121","7","0","20240601","99999999","0"
"0","301090410","A","300","00","007","00000","“Α’θW’†΅—ΓΊΗ——Ώ‚Pi‚V“ϊΘ“ΰ‚ΜϊΤji‹}«‰tς‰»–”‚Ν‚d‚b‚l‚nA‘νΪAj","“Α’θW’†΅—ΓΊΗ——Ώ‚Pi‚V“ϊΘ“ΰji‹}«‰tς‰»“™‚Μ³j","121","7","0","20240601","99999999","0"
"0","301090510","A","300","00","007","00000","“Α’θW’†΅—ΓΊΗ——Ώ‚Pi‚W“ϊΘγ‚ΜϊΤji‹}«‰tς‰»–”‚Ν‚d‚b‚l‚nA‘νΪAj","“Α’θW’†΅—ΓΊΗ——Ώ‚Pi‚W“ϊΘγji‹}«‰tς‰»“™‚Μ³j","121","23","0","20240601","99999999","0"
"0","301090610","A","300","00","007","00000","“Α’θW’†΅—ΓΊΗ——Ώ‚Qi“Α’θW’†΅—ΓΊΗ——Ώji‚V“ϊΘ“ΰ‚ΜϊΤji‹}«‰tς‰»–”‚Ν‚d‚b‚l‚nA‘νΪAj","“Α’θW’†΅—ΓΊΗ——Ώ‚Qi‚V“ϊΘ“ΰji‹}«‰tς‰»“™‚Μ³j","121","7","0","20240601","99999999","0"
"0","301090710","A","300","00","007","00000","“Α’θW’†΅—ΓΊΗ——Ώ‚Qi“Α’θW’†΅—ΓΊΗ——Ώji‚W“ϊΘγ‚ΜϊΤji‹}«‰tς‰»–”‚Ν‚d‚b‚l‚nA‘νΪAj","“Α’θW’†΅—ΓΊΗ——Ώ‚Qi‚W“ϊΘγji‹}«‰tς‰»“™‚Μ³j","121","23","0","20240601","99999999","0"
"0","301090810","A","300","00","007","00000","“Α’θW’†΅—ΓΊΗ——Ώ‚Ri‚V“ϊΘ“ΰ‚ΜϊΤji‹}«‰tς‰»–”‚Ν‚d‚b‚l‚nA‘νΪAj","“Α’θW’†΅—ΓΊΗ——Ώ‚Ri‚V“ϊΘ“ΰji‹}«‰tς‰»“™‚Μ³j","121","7","0","20240601","99999999","0"
"0","301090910","A","300","00","007","00000","“Α’θW’†΅—ΓΊΗ——Ώ‚Ri‚W“ϊΘγ‚ΜϊΤji‹}«‰tς‰»–”‚Ν‚d‚b‚l‚nA‘νΪAj","“Α’θW’†΅—ΓΊΗ——Ώ‚Ri‚W“ϊΘγji‹}«‰tς‰»“™‚Μ³j","121","23","0","20240601","99999999","0"
"0","301091010","A","300","00","007","00000","“Α’θW’†΅—ΓΊΗ——Ώ‚Si“Α’θW’†΅—ΓΊΗ——Ώji‚V“ϊΘ“ΰ‚ΜϊΤji‹}«‰tς‰»–”‚Ν‚d‚b‚l‚nA‘νΪAj","“Α’θW’†΅—ΓΊΗ——Ώ‚Si‚V“ϊΘ“ΰji‹}«‰tς‰»“™‚Μ³j","121","7","0","20240601","99999999","0"
"0","301091110","A","300","00","007","00000","“Α’θW’†΅—ΓΊΗ——Ώ‚Si“Α’θW’†΅—ΓΊΗ——Ώji‚W“ϊΘγ‚ΜϊΤji‹}«‰tς‰»–”‚Ν‚d‚b‚l‚nA‘νΪAj","“Α’θW’†΅—ΓΊΗ——Ώ‚Si‚W“ϊΘγji‹}«‰tς‰»“™‚Μ³j","121","23","0","20240601","99999999","0"
"0","301147910","A","300","00","007","00000","“Α’θW’†΅—ΓΊΗ——Ώ‚Ti‚V“ϊΘ“ΰ‚ΜϊΤji‹}«‰tς‰»–”‚Ν‚d‚b‚l‚nA‘νΪAj","“Α’θW’†΅—ΓΊΗ——Ώ‚Ti‚V“ϊΘ“ΰji‹}«‰tς‰»“™‚Μ³j","121","7","0","20240601","99999999","0"
"0","301148010","A","300","00","007","00000","“Α’θW’†΅—ΓΊΗ——Ώ‚Ti‚W“ϊΘγ‚ΜϊΤji‹}«‰tς‰»–”‚Ν‚d‚b‚l‚nA‘νΪAj","“Α’θW’†΅—ΓΊΗ——Ώ‚Ti‚W“ϊΘγji‹}«‰tς‰»“™‚Μ³j","121","23","0","20240601","99999999","0"
"0","301148510","A","300","00","007","00000","“Α’θW’†΅—ΓΊΗ——Ώ‚Ui“Α’θW’†΅—ΓΊΗ——Ώji‚V“ϊΘ“ΰ‚ΜϊΤji‹}«‰tς‰»–”‚Ν‚d‚b‚l‚nA‘νΪAj","“Α’θW’†΅—ΓΊΗ——Ώ‚Ui‚V“ϊΘ“ΰji‹}«‰tς‰»“™‚Μ³j","121","7","0","20240601","99999999","0"
"0","301148610","A","300","00","007","00000","“Α’θW’†΅—ΓΊΗ——Ώ‚Ui“Α’θW’†΅—ΓΊΗ——Ώji‚W“ϊΘγ‚ΜϊΤji‹}«‰tς‰»–”‚Ν‚d‚b‚l‚nA‘νΪAj","“Α’θW’†΅—ΓΊΗ——Ώ‚Ui‚W“ϊΘγji‹}«‰tς‰»“™‚Μ³j","121","23","0","20240601","99999999","0"
"0","301067570","A","300","00","008","CA139","‘ϊ—£°Eƒƒnƒrƒƒe[ƒVƒ‡ƒ“‰ΑZi“Α’θW’†΅—ΓΊΗ——Ώj","‘ϊ—£°Eƒƒnƒrƒƒe[ƒVƒ‡ƒ“‰ΑZi“Α’θW’†΅—ΓΊΗ——Ώj","121","14","0","20240601","99999999","0"
"0","301074470","A","300","00","009","CA153","‘ϊ‰h—{‰ξ“όΗ—‰ΑZio’°‰h—{ji“Α’θW’†΅—ΓΊΗ——Ώj","‘ϊ‰h—{‰ξ“όΗ—‰ΑZio’°‰h—{ji“Α’θW’†΅—ΓΊΗ——Ώj","121","7","0","20240601","99999999","0"
"0","301050910","A","301","00","001","00000","ƒnƒCƒPƒAƒ†ƒjƒbƒg“ό‰@γ—ΓΗ——Ώ‚Pi‚P“ϊ‚Ι‚Β‚«j","ƒnƒCƒPƒAƒ†ƒjƒbƒg“ό‰@γ—ΓΗ——Ώ‚P","121","21","0","20240601","99999999","0"
"0","301051010","A","301","00","002","00000","ƒnƒCƒPƒAƒ†ƒjƒbƒg“ό‰@γ—ΓΗ——Ώ‚Qi‚P“ϊ‚Ι‚Β‚«j","ƒnƒCƒPƒAƒ†ƒjƒbƒg“ό‰@γ—ΓΗ——Ώ‚Q","121","21","0","20240601","99999999","0"
"0","301067610","A","302","00","001","00000","¬™“Α’θW’†΅—ΓΊΗ——Ώi‚V“ϊΘ“ΰ‚ΜϊΤj","¬™“Α’θW’†΅—ΓΊΗ——Ώi‚V“ϊΘ“ΰj","121","7","0","20240601","99999999","0"
"0","301067710","A","302","00","002","00000","¬™“Α’θW’†΅—ΓΊΗ——Ώi‚W“ϊΘγ‚ΜϊΤj","¬™“Α’θW’†΅—ΓΊΗ——Ώi‚W“ϊΘγj","121","28","0","20240601","99999999","0"
"0","301025510","A","303","00","001","00000","ΙaƒPƒA•a““ό‰@—Ώ‚Pi‚R‚O“ϊΘ“ΰ‚ΜϊΤj","ΙaƒPƒA•a““ό‰@—Ώ‚Pi‚R‚O“ϊΘ“ΰj","121","30","0","20240601","99999999","0"
"0","301031710","A","303","00","001","00000","ΙaƒPƒA•a““ό‰@—Ώ‚Pi‚R‚P“ϊΘγ‚U‚O“ϊΘ“ΰ‚ΜϊΤj","ΙaƒPƒA•a““ό‰@—Ώ‚Pi‚R‚P“ϊΘγ‚U‚O“ϊΘ“ΰj","121","30","0","20240601","99999999","0"
"0","301067810","A","303","00","002","00000","ΙaƒPƒA•a““ό‰@—Ώ‚Qi‚R‚O“ϊΘ“ΰ‚ΜϊΤj","ΙaƒPƒA•a““ό‰@—Ώ‚Qi‚R‚O“ϊΘ“ΰj","121","30","0","20240601","99999999","0"
"0","301067910","A","303","00","002","00000","ΙaƒPƒA•a““ό‰@—Ώ‚Qi‚R‚P“ϊΘγ‚U‚O“ϊΘ“ΰ‚ΜϊΤj","ΙaƒPƒA•a““ό‰@—Ώ‚Qi‚R‚P“ϊΘγ‚U‚O“ϊΘ“ΰj","121","30","0","20240601","99999999","0"
"0","301058270","A","303","00","003","CA129","ΙaƒPƒA•a“‹Ω‹}“ό‰@‰ϊ‰ΑZ","ΙaƒPƒA•a“‹Ω‹}“ό‰@‰ϊ‰ΑZ","121","15","0","20240601","99999999","0"
"0","301149370","A","304","00","013","CA300","Εμ•β•‰ΑZi¬™“ό‰@γ—ΓΗ——Ώ‚PA‚Q–”‚Ν‚R‚Ιΐ‚ιj","Εμ•β•‰ΑZi¬™“ό‰@γ—ΓΗ——Ώ‚PA‚Q–”‚Ν‚Rj","121","14","0","20240601","99999999","0"
"0","301149470","A","304","00","014","CA301","Εμ•β•‘Μ§[ΐ‰ΑZi¬™“ό‰@γ—ΓΗ——Ώ‚PA‚Q–”‚Ν‚R‚Ιΐ‚ιj","Εμ•β•‘Μ§[ΐ‰ΑZi¬™“ό‰@γ—ΓΗ——Ώ‚PA‚Q–”‚Ν‚Rj","121","14","0","20240601","99999999","0"
"0","301032670","A","305","00","003","CA082","“Α’θκ”Κ•a““ό‰@ϊΤ‰ΑZi‚P‚S“ϊΘ“ΰ‚ΜϊΤj","“Α’θκ”Κ•a““ό‰@ϊΤ‰ΑZi‚P‚S“ϊΘ“ΰj","121","14","0","20240601","99999999","0"
"0","301032770","A","305","00","003","CA083","“Α’θκ”Κ•a““ό‰@ϊΤ‰ΑZi‚P‚T“ϊΘγ‚R‚O“ϊΘ“ΰ‚ΜϊΤj","“Α’θκ”Κ•a““ό‰@ϊΤ‰ΑZi‚P‚T“ϊΘγ‚R‚O“ϊΘ“ΰj","121","16","0","20240601","99999999","0"
"0","301032970","A","305","00","005","CA085","‹~‹}Eέ‘ξ“™x‰‡•a°‰ϊ‰ΑZi“Α’θκ”Κ•a““ό‰@—Ώj","‹~‹}Eέ‘ξ“™x‰‡•a°‰ϊ‰ΑZi“Α’θκ”Κ•a““ό‰@—Ώj","121","14","0","20240601","99999999","0"
"0","301088870","A","306","00","013","CA224","‹}«ϊ³x‰‡•a°‰ϊ‰ΑZi‹–‰Β•a°”‚S‚O‚O°Θγji‘Ό‚Μ•Ϋ―γ—Γ‹@Φ‚Μκ”Κ•a“‚©‚η“]“‚µ‚½³‚Μκ‡j","‹}«ϊ³x‰‡•a°‰ϊ‰ΑZi‚S‚O‚O°ΘγE‘Όγκ”Κ•a“‚©‚η“]“j","121","14","0","20240601","99999999","0"
"0","301089070","A","306","00","013","CA228","‹}«ϊ³x‰‡•a°‰ϊ‰ΑZi‹–‰Β•a°”‚S‚O‚O°–Ά–ji‘Ό‚Μ•Ϋ―γ—Γ‹@Φ‚Μκ”Κ•a“‚©‚η“]“‚µ‚½³‚Μκ‡j","‹}«ϊ³x‰‡•a°‰ϊ‰ΑZi‚S‚O‚O°–Ά–E‘Όγκ”Κ•a“‚©‚η“]“j","121","14","0","20240601","99999999","0"
"0","301089170","A","306","00","013","CA229","‹}«ϊ³x‰‡•a°‰ϊ‰ΑZi‹–‰Β•a°”‚S‚O‚O°–Ά–ji‚P‚Μ³ΘO‚Μ³‚Μκ‡j","‹}«ϊ³x‰‡•a°‰ϊ‰ΑZi‚S‚O‚O°–Ά–E‚P‚Μ³ΘO‚Μκ‡j","121","14","0","20240601","99999999","0"
"0","301122370","A","306","00","014","CA309","‹}«ϊ³x‰‡•a°‰ϊ‰ΑZi‹–‰Β•a°”‚S‚O‚O°Θγji‚P‚Μ³ΘO‚Μ³‚Μκ‡j","‹}«ϊ³x‰‡•a°‰ϊ‰ΑZi‚S‚O‚O°ΘγE‚P‚Μ³ΘO‚Μκ‡j","121","14","0","20240601","99999999","0"
"0","301159470","A","306","00","014","CA305","έ‘ξ³x‰‡•a°‰ϊ‰ΑZi‰ξμVl•Ϋ’{έ‚©‚η“ό‰@‚µ‚½³ji‹~‹}”ΐ‘—j","έ‘ξ³x‰‡•a°‰ϊ‰ΑZiV’{έ‚©‚η“ό‰@‚µ‚½³ji‹~‹}”ΐ‘—j","121","14","0","20240601","99999999","0"
"0","301159570","A","306","00","014","CA306","έ‘ξ³x‰‡•a°‰ϊ‰ΑZi‰ξμVl•Ϋ’{έ‚©‚η“ό‰@‚µ‚½³ji‚PΘOj","έ‘ξ³x‰‡•a°‰ϊ‰ΑZiV’{έ‚©‚η“ό‰@‚µ‚½³ji‚PΘOj","121","14","0","20240601","99999999","0"
"0","301159670","A","306","00","014","CA307","έ‘ξ³x‰‡•a°‰ϊ‰ΑZi©‘ξ“™‚©‚η“ό‰@‚µ‚½³‚Μκ‡ji‹~‹}”ΐ‘—j","έ‘ξ³x‰‡•a°‰ϊ‰ΑZi©‘ξ“™‚©‚η“ό‰@‚µ‚½³ji‹~‹}”ΐ‘—j","121","14","0","20240601","99999999","0"
"0","301159770","A","306","00","014","CA308","έ‘ξ³x‰‡•a°‰ϊ‰ΑZi©‘ξ“™‚©‚η“ό‰@‚µ‚½³‚Μκ‡ji‚PΘOj","έ‘ξ³x‰‡•a°‰ϊ‰ΑZi©‘ξ“™‚©‚η“ό‰@‚µ‚½³ji‚PΘOj","121","14","0","20240601","99999999","0"
"0","301179170","A","307","00","001","CA310","’nζ•ο‡γ—Γ•a“‰ϊ‰ΑZi’nζ•ο‡γ—Γ•a““ό‰@—Ώj","’nζ•ο‡γ—Γ•a“‰ϊ‰ΑZi’nζ•ο‡γ—Γ•a““ό‰@—Ώj","121","14","0","20240601","99999999","0"
"0","301179370","A","307","00","003","CA312","‚Q‚T‘Ξ‚PΕμ•β•‘Μ§‰ΑZiΕμ•β•‚T„Θγji’nζ•ο‡γ—Γ•a““ό‰@—Ώj","‚Q‚T‘Ξ‚PΕμ•β•‘Μ§‰ΑZiΕμ•β•‚T„ΘγE’nζ•ο‡γ—Γ•a“j","121","14","0","20240601","99999999","0"
"0","301179470","A","307","00","003","CA313","‚Q‚T‘Ξ‚PΕμ•β•‘Μ§‰ΑZiΕμ•β•‚T„–Ά–ji’nζ•ο‡γ—Γ•a““ό‰@—Ώj","‚Q‚T‘Ξ‚PΕμ•β•‘Μ§‰ΑZiΕμ•β•‚T„–Ά–E’nζ•ο‡γ—Γ•a“j","121","14","0","20240601","99999999","0"
"0","301179570","A","307","00","003","CA314","‚T‚O‘Ξ‚PΕμ•β•‘Μ§‰ΑZi’nζ•ο‡γ—Γ•a““ό‰@—Ώj","‚T‚O‘Ξ‚PΕμ•β•‘Μ§‰ΑZi’nζ•ο‡γ—Γ•a““ό‰@—Ώj","121","14","0","20240601","99999999","0"
"0","301179670","A","307","00","003","CA315","‚V‚T‘Ξ‚PΕμ•β•‘Μ§‰ΑZi’nζ•ο‡γ—Γ•a““ό‰@—Ώj","‚V‚T‘Ξ‚PΕμ•β•‘Μ§‰ΑZi’nζ•ο‡γ—Γ•a““ό‰@—Ώj","121","14","0","20240601","99999999","0"
"0","301180470","A","307","00","007","CA323","ΕμEυ–ιΤ‚P‚Q‘Ξ‚P”z’u‰ΑZ‚Pi’nζ•ο‡γ—Γ•a““ό‰@—Ώj","ΕμEυ–ιΤ‚P‚Q‘Ξ‚P”z’u‰ΑZ‚Pi’nζ•ο‡γ—Γ•a““ό‰@—Ώj","121","14","0","20240601","99999999","0"
"0","301180570","A","307","00","007","CA324","ΕμEυ–ιΤ‚P‚Q‘Ξ‚P”z’u‰ΑZ‚Qi’nζ•ο‡γ—Γ•a““ό‰@—Ώj","ΕμEυ–ιΤ‚P‚Q‘Ξ‚P”z’u‰ΑZ‚Qi’nζ•ο‡γ—Γ•a““ό‰@—Ώj","121","14","0","20240601","99999999","0"
"0","301180670","A","307","00","007","CA325","ΕμEυ–ιΤ‚P‚U‘Ξ‚P”z’u‰ΑZ‚Pi’nζ•ο‡γ—Γ•a““ό‰@—Ώj","ΕμEυ–ιΤ‚P‚U‘Ξ‚P”z’u‰ΑZ‚Pi’nζ•ο‡γ—Γ•a““ό‰@—Ώj","121","14","0","20240601","99999999","0"
"0","301180770","A","307","00","007","CA326","ΕμEυ–ιΤ‚P‚U‘Ξ‚P”z’u‰ΑZ‚Qi’nζ•ο‡γ—Γ•a““ό‰@—Ώj","ΕμEυ–ιΤ‚P‚U‘Ξ‚P”z’u‰ΑZ‚Qi’nζ•ο‡γ—Γ•a““ό‰@—Ώj","121","14","0","20240601","99999999","0"
"0","301180870","A","307","00","008","CA327","ƒƒnƒrƒƒe[ƒVƒ‡ƒ“E‰h—{EϋoAg‰ΑZi’nζ•ο‡γ—Γ•a““ό‰@—Ώj","ƒƒnƒrƒƒe[ƒVƒ‡ƒ“E‰h—{EϋoAg‰ΑZi’nζ•ο‡γ—Γ•a“j","121","14","0","20240601","99999999","0"
"0","302000110","B","000","04","000","00000","•‰ΘΎ³Η——Ώ","•‰ΘΎ³Η——Ώ","131","1","1","20240601","99999999","0"
"0","302010710","B","000","04","001","00000","•‰ΘΎ³Η——Ώi‰fj","•‰ΘΎ³Η——Ώi‰fj","131","1","1","20240601","99999999","0"
"0","302000570","B","000","04","002","CB003","ƒtƒb‰»•¨τϋw“±‰ΑZ","‚eτ","131","1","1","20240601","99999999","0"
"0","302011010","B","000","04","007","00000","¬™ϋo‹@”\Η——Ώ","¬™ϋo‹@”\Η——Ώ","131","1","1","20240601","99999999","0"
"0","302016710","B","000","04","007","00000","¬™ϋo‹@”\Η——Ώiξ•ρ’ΚM‹@ν‚π—p‚Ά‚½κ‡j","¬™ϋo‹@”\Η——Ώiξ•ρ’ΚM‹@ν‚π—p‚Ά‚½κ‡j","131","1","0","20240601","99999999","0"
"0","302011110","B","000","04","008","00000","ϋo‹@”\Η——Ώ","ϋo‹@”\Η——Ώ","131","1","1","20240601","99999999","0"
"0","302016910","B","000","04","008","00000","ϋo‹@”\Η——Ώiξ•ρ’ΚM‹@ν‚π—p‚Ά‚½κ‡j","ϋo‹@”\Η——Ώiξ•ρ’ΚM‹@ν‚π—p‚Ά‚½κ‡j","131","1","0","20240601","99999999","0"
"0","302005810","B","000","05","000","00000","όpϊ“™ϋo‹@”\Η—v‰ζτ’θ—Ώ","όv","056","1","0","20240601","99999999","0"
"0","302005910","B","000","06","001","00000","όpϊ“™ϋo‹@”\Η——Ώi‚Pjiθp‘Oj","όΗ‚Piθp‘Oj","131","1","0","20240601","99999999","0"
"0","302006010","B","000","06","002","00000","όpϊ“™ϋo‹@”\Η——Ώi‚Pjiθpγj","όΗ‚Piθpγj","144","3","0","20240601","99999999","0"
"0","302006110","B","000","07","001","00000","όpϊ“™ϋo‹@”\Η——Ώi‚Qjiθp‘Oj","όΗ‚Qiθp‘Oj","131","1","0","20240601","99999999","0"
"0","302006210","B","000","07","002","00000","όpϊ“™ϋo‹@”\Η——Ώi‚Qjiθpγj","όΗ‚Qiθpγj","144","2","0","20240601","99999999","0"
"0","302006310","B","000","08","000","00000","όpϊ“™ϋo‹@”\Η——Ώi‚Rj","όΗ‚R","131","1","0","20240601","99999999","0"
"0","302017210","B","000","09","000","00000","όpϊ“™ϋo‹@”\Η——Ώi‚Sj","όΗ‚S","144","2","0","20240601","99999999","0"
"0","302017510","B","000","11","000","00000","‰ρ•ϊ“™ϋo‹@”\Η——Ώ","‰ρ•ϊ“™ϋo‹@”\Η——Ώ","131","1","0","20240601","99999999","0"
"0","302017610","B","000","12","000","00000","–Κ‚¤IΗ——Ώ","–Κ‚¤IΗ——Ώ","131","1","0","20240601","99999999","0"
"0","302017810","B","000","13","000","00000","ƒGƒiƒƒ‹Ώ‰ϊ‚¤IΗ——Ώ","ƒGƒiƒƒ‹Ώ‰ϊ‚¤IΗ——Ώ","131","1","0","20240601","99999999","0"
"0","302000610","B","001","02","001","00000","•‰Θ‰q¶ΐ’nw“±—Ώ‚P","ΐ’nw‚P","131","1","1","20240601","99999999","0"
"0","302004910","B","001","02","002","00000","•‰Θ‰q¶ΐ’nw“±—Ώ‚Q","ΐ’nw‚Q","131","1","1","20240601","99999999","0"
"0","302010110","B","001","03","000","00000","•ό•a³‰ζ‘—pw“±—Ώi‚P‰ρ–Ϊj","•ό•a³‰ζ‘—pw“±—Ώi‚P‰ρ–Ϊj","131","1","1","20240601","99999999","0"
"0","302010550","B","001","03","000","00000","•ό•a³‰ζ‘—pw“±—Ώi‚Q‰ρ–Ϊj","•ό•a³‰ζ‘—pw“±—Ώi‚Q‰ρ–Ϊj","131","1","1","20240601","99999999","0"
"0","302000710","B","002","00","000","00000","•‰Θ“Α’θΎ³—Γ—{Η——Ώ","“ΑΎΗ","131","2","0","20240601","99999999","0"
"0","302018110","B","002","00","000","00000","•‰Θ“Α’θΎ³—Γ—{Η——Ώiξ•ρ’ΚM‹@ν‚π—p‚Ά‚½κ‡j","“ΑΎΗiξ•ρ’ΚM‹@ν‚π—p‚Ά‚½κ‡j","131","2","0","20240601","99999999","0"
"0","302000870","B","002","00","001","CB004","‹¤“―—Γ—{w“±v‰ζ‰ΑZ","‹¤v","131","1","0","20240601","99999999","0"
"0","302000910","B","003","00","000","00000","“Α’θ–ςά΅—ΓΗ——Ώ","–ς","131","1","0","20240601","99999999","0"
"0","302001070","B","003","00","001","CB005","“Α’θ–ςά΅—ΓΗ——Ώi‚S–ΪΘ~ΈZj","–ςi‚S–ΪΘ~ΈZj","131","1","0","20240601","99999999","0"
"0","302011270","B","003","00","002","CB034","“Α’θ–ςά΅—ΓΗ—‰ΑZiƒoƒ“ƒRƒ}ƒCƒVƒ“‚π“—^‚µ‚Δ‚Ά‚ι³j","–ςiƒoƒ“ƒRƒ}ƒCƒVƒ““—^‚Μ³j","131","1","0","20240601","99999999","0"
"0","302001170","B","003","00","003","CB006","‰‰ρ‰ΑZ","–ςi‰‰ρj","131","1","0","20240601","99999999","0"
"0","302001210","B","004","00","001","00000","««ξα‡“ΑΩ•¨Ώ΅—ΓΗ——Ώi”A’†‚a‚s‚`‚ΙW‚ι‚ΰ‚Μj","««ξα‡“ΑΩ•¨Ώ΅—ΓΗ——Ώi”A’†‚a‚s‚`j","131","1","1","20240601","99999999","0"
"0","302001310","B","004","00","002","00000","««ξα‡“ΑΩ•¨Ώ΅—ΓΗ——Ώi‚»‚Μ‘Ό‚Μ‚ΰ‚Μji‚P€–Ϊj","««ξα‡“ΑΩ•¨Ώ΅—ΓΗ——Ώi‚»‚Μ‘ΌE‚P€–Ϊj","131","1","1","20240601","99999999","0"
"0","302001410","B","004","00","002","00000","««ξα‡“ΑΩ•¨Ώ΅—ΓΗ——Ώi‚»‚Μ‘Ό‚Μ‚ΰ‚Μji‚Q€–ΪΘγj","««ξα‡“ΑΩ•¨Ώ΅—ΓΗ——Ώi‚»‚Μ‘ΌE‚Q€–ΪΘγj","131","1","1","20240601","99999999","0"
"0","302001570","B","004","00","003","CB007","ξα‡ƒ}[ƒJ[Έ‰‰ρ‰ΑZ","ξα‡ƒ}[ƒJ[Έ‰‰ρ‰ΑZ","131","1","1","20240601","99999999","0"
"0","302006410","B","004","01","002","00000","‚‚ρ«αu’ΙΙaw“±Η——Ώ","‚‚ρ«αu’ΙΙaw“±Η——Ώ","131","1","0","20240601","99999999","0"
"0","302018270","B","004","01","002","CB053","“ο΅«‚‚ρ«αu’ΙΙaw“±Η—‰ΑZ","“ο΅«‚‚ρ«αu’ΙΙaw“±Η—‰ΑZ","053","1","0","20240601","99999999","0"
"0","302007810","B","004","01","003","00000","‚‚ρ³w“±Η——Ώi•‰Θγt‚Εμt‚Ζ‹¤“―‚µ‚Δf—Γ•ϋj“™‚πb‚µ‡‚ΆA‚»‚Μ“ΰ—e‚π•¶‘“™‚Ι‚ζ‚θ’ρ‹‚µ‚½κ‡j","‚‚ρ³w“±Η——Ώi•‰Θγt“™‚Μ‹¤“―f—Γ•ϋj“™‚π•¶‘“™‚Ε’ρ‹j","053","1","0","20240601","99999999","0"
"0","302007910","B","004","01","003","00000","‚‚ρ³w“±Η——Ώi•‰ΘγtAΕμt–”‚Νφ”FS—t‚S—“I•sΐ‚πyΈ‚·‚ι‚½‚ί‚Μ–ΚΪ‚πs‚Α‚½κ‡j","‚‚ρ³w“±Η——Ώi•‰Θγt“™‚S—“I•sΐyΈ‚Μ‚½‚ί–ΚΪj","053","6","0","20240601","99999999","0"
"0","302008010","B","004","01","003","00000","‚‚ρ³w“±Η——Ώi•‰Θγt–”‚Ν–ςάt‚R««ξα‡ά‚Μ“–ς–”‚Ν’Λ‚Μ•K—v«“™‚Ι‚Β‚Ά‚Δ•¶‘‚Ι‚ζ‚θΰ–Ύ‚πs‚Α‚½κ‡j","‚‚ρ³w“±Η——Ώi•‰Θγt“™‚R««ξα‡ά‚Μ•K—v«“™•¶‘ΰ–Ύj","053","6","0","20240601","99999999","0"
"0","302008610","B","004","01","004","00000","“ό‰@‰h—{H–w“±—Ώ‚Pi‰‰ρjiT‚P‰ρj","“ό‰@‰h—{H–w“±—Ώ‚Pi‰‰ρj","138","1","0","20240601","99999999","0"
"0","302008710","B","004","01","004","00000","“ό‰@‰h—{H–w“±—Ώ‚Pi‚Q‰ρ–ΪjiT‚P‰ρj","“ό‰@‰h—{H–w“±—Ώ‚Pi‚Q‰ρ–Ϊj","138","1","0","20240601","99999999","0"
"0","302008810","B","004","01","004","00000","“ό‰@‰h—{H–w“±—Ώ‚Qi‰‰ρjiT‚P‰ρj","“ό‰@‰h—{H–w“±—Ώ‚Qi‰‰ρj","138","1","0","20240601","99999999","0"
"0","302008910","B","004","01","004","00000","“ό‰@‰h—{H–w“±—Ώ‚Qi‚Q‰ρ–ΪjiT‚P‰ρj","“ό‰@‰h—{H–w“±—Ώ‚Qi‚Q‰ρ–Ϊj","138","1","0","20240601","99999999","0"
"0","302006710","B","004","01","005","00000","O—ΙaƒPƒAΗ——Ώ","O—ΙaƒPƒAΗ——Ώ","131","1","0","20240601","99999999","0"
"0","302006910","B","004","01","006","00000","O—ƒƒnƒrƒƒe[ƒVƒ‡ƒ“f—Γ—Ώ‚P","O—ƒƒnƒrƒƒe[ƒVƒ‡ƒ“f—Γ—Ώ‚P","138","5","0","20240601","99999999","0"
"0","302007010","B","004","01","006","00000","O—ƒƒnƒrƒƒe[ƒVƒ‡ƒ“f—Γ—Ώ‚Q","O—ƒƒnƒrƒƒe[ƒVƒ‡ƒ“f—Γ—Ώ‚Q","142","3","0","20240601","99999999","0"
"0","302007110","B","004","01","007","00000","O—•ϊΛόΖΛf—Γ—Ώ","O—•ϊΛόΖΛf—Γ—Ώ","138","5","0","20240601","99999999","0"
"0","302012210","B","004","01","008","00000","O—ξα‡‰»w—Γ–@f—Γ—Ώ‚PiR««ξα‡ά‚π“—^‚µ‚½κ‡i‰‰ρ‚©‚η‚R‰ρ–Ϊ‚ά‚Εjj","O—ξα‡‰»w—Γ–@f—Γ—Ώ‚PiR««ξα‡ά‚π“—^i‰‰ρ`‚R‰ρ–Ϊjj","131","3","1","20240601","99999999","0"
"0","302012310","B","004","01","008","00000","O—ξα‡‰»w—Γ–@f—Γ—Ώ‚PiƒCΘO‚Μ•K—v‚Θ΅—ΓΗ—‚πs‚Α‚½κ‡j","O—ξα‡‰»w—Γ–@f—Γ—Ώ‚PiƒCΘO‚Μ•K—v‚Θ΅—ΓΗ—j","138","5","0","20240601","99999999","0"
"0","302012410","B","004","01","008","00000","O—ξα‡‰»w—Γ–@f—Γ—Ώ‚QiR««ξα‡ά‚π“—^‚µ‚½κ‡i‰‰ρ‚©‚η‚R‰ρ–Ϊ‚ά‚Εjj","O—ξα‡‰»w—Γ–@f—Γ—Ώ‚QiR««ξα‡ά‚π“—^i‰‰ρ`‚R‰ρ–Ϊjj","131","3","1","20240601","99999999","0"
"0","302012510","B","004","01","008","00000","O—ξα‡‰»w—Γ–@f—Γ—Ώ‚QiƒCΘO‚Μ•K—v‚Θ΅—ΓΗ—‚πs‚Α‚½κ‡j","O—ξα‡‰»w—Γ–@f—Γ—Ώ‚QiƒCΘO‚Μ•K—v‚Θ΅—ΓΗ—j","138","5","0","20240601","99999999","0"
"0","302018310","B","004","01","008","00000","O—ξα‡‰»w—Γ–@f—Γ—Ώ‚PiR««ξα‡ά‚π“—^‚µ‚½κ‡i‚S‰ρ–ΪΘ~jj","O—ξα‡‰»w—Γ–@f—Γ—Ώ‚PiR««ξα‡ά‚π“—^i‚S‰ρ–ΪΘ~jj","138","5","0","20240601","99999999","0"
"0","302018410","B","004","01","008","00000","O—ξα‡‰»w—Γ–@f—Γ—Ώ‚QiR««ξα‡ά‚π“—^‚µ‚½κ‡i‚S‰ρ–ΪΘ~jj","O—ξα‡‰»w—Γ–@f—Γ—Ώ‚QiR««ξα‡ά‚π“—^i‚S‰ρ–ΪΘ~jj","138","5","0","20240601","99999999","0"
"0","302018510","B","004","01","008","00000","O—ξα‡‰»w—Γ–@f—Γ—Ώ‚RiR««ξα‡ά‚π“—^‚µ‚½κ‡i‰‰ρ‚©‚η‚R‰ρ–Ϊ‚ά‚Εjj","O—ξα‡‰»w—Γ–@f—Γ—Ώ‚RiR««ξα‡ά‚π“—^i‰‰ρ`‚R‰ρ–Ϊjj","131","3","0","20240601","99999999","0"
"0","302018610","B","004","01","008","00000","O—ξα‡‰»w—Γ–@f—Γ—Ώ‚RiR««ξα‡ά‚π“—^‚µ‚½κ‡i‚S‰ρ–ΪΘ~jj","O—ξα‡‰»w—Γ–@f—Γ—Ώ‚RiR««ξα‡ά‚π“—^i‚S‰ρ–ΪΘ~jj","138","5","0","20240601","99999999","0"
"0","302018710","B","004","01","008","00000","O—ξα‡‰»w—Γ–@f—Γ—Ώ‚RiƒCΘO‚Μ•K—v‚Θ΅—ΓΗ—‚πs‚Α‚½κ‡j","O—ξα‡‰»w—Γ–@f—Γ—Ώ‚RiƒCΘO‚Μ•K—v‚Θ΅—ΓΗ—j","138","5","0","20240601","99999999","0"
"0","302013110","B","004","01","009","00000","“ϋ—c™‰ΑZi‰fjiO—ξα‡‰»w—Γ–@f—Γ—Ώj","“ϋi‰fjiO—ξα‡‰»w—Γ–@f—Γ—Ώj","131","1","1","20240601","99999999","0"
"0","302013210","B","004","01","010","00000","ΤO‰ΑZi‰fjiO—ξα‡‰»w—Γ–@f—Γ—Ώj","ΤOi‰fjiO—ξα‡‰»w—Γ–@f—Γ—Ώj","131","1","1","20240601","99999999","0"
"0","302013310","B","004","01","010","00000","‹x“ϊ‰ΑZi‰fjiO—ξα‡‰»w—Γ–@f—Γ—Ώj","‹x“ϊi‰fjiO—ξα‡‰»w—Γ–@f—Γ—Ώj","131","1","1","20240601","99999999","0"
"0","302013410","B","004","01","010","00000","[–ι‰ΑZi‰fjiO—ξα‡‰»w—Γ–@f—Γ—Ώj","[–ιi‰fjiO—ξα‡‰»w—Γ–@f—Γ—Ώj","131","1","1","20240601","99999999","0"
"0","302013510","B","004","01","010","00000","ΤO“Α—αγ—Γ‹@Φ‰ΑZi‰fjiO—ξα‡‰»w—Γ–@f—Γ—Ώj","ΤOi“Αji‰fjiO—ξα‡‰»w—Γ–@f—Γ—Ώj","131","1","1","20240601","99999999","0"
"0","302013610","B","004","01","011","00000","“ϋ—c™ΤO‰ΑZi‰fjiO—ξα‡‰»w—Γ–@f—Γ—Ώj","“ϋEΤOi‰fjiO—ξα‡‰»w—Γ–@f—Γ—Ώj","131","1","1","20240601","99999999","0"
"0","302013710","B","004","01","011","00000","“ϋ—c™‹x“ϊ‰ΑZi‰fjiO—ξα‡‰»w—Γ–@f—Γ—Ώj","“ϋE‹x“ϊi‰fjiO—ξα‡‰»w—Γ–@f—Γ—Ώj","131","1","1","20240601","99999999","0"
"0","302013810","B","004","01","011","00000","“ϋ—c™[–ι‰ΑZi‰fjiO—ξα‡‰»w—Γ–@f—Γ—Ώj","“ϋE[–ιi‰fjiO—ξα‡‰»w—Γ–@f—Γ—Ώj","131","1","1","20240601","99999999","0"
"0","302013910","B","004","01","011","00000","“ϋ—c™ΤO“Α—αγ—Γ‹@Φ‰ΑZi‰fjiO—ξα‡‰»w—Γ–@f—Γ—Ώj","“ϋEΤOi“Αji‰fjiO—ξα‡‰»w—Γ–@f—Γ—Ώj","131","1","1","20240601","99999999","0"
"0","302012770","B","004","01","015","CB039","Ag[ΐ‰ΑZiO—ξα‡‰»w—Γ–@f—Γ—Ώ‚PEƒCEi‚Pjj","Ag[ΐ‰ΑZiO—ξα‡‰»w—Γ–@f—Γ—Ώ‚PEƒCEi‚Pjj","131","1","1","20240601","99999999","0"
"0","302019510","B","004","01","016","00000","γ—Γξ•ρζ“Ύ‰ΑZi‰fjiγwΗ—“™j","γ—Γξ•ρζ“Ύ‰ΑZi‰fjiγwΗ—“™j","131","1","0","20241201","99999999","0"
"0","302019710","B","004","01","016","00000","γ—Γξ•ρζ“Ύ‰ΑZiΔfjiγwΗ—“™j","γ—Γξ•ρζ“Ύ‰ΑZiΔfjiγwΗ—“™j","144","1","0","20241201","99999999","0"
"3","302020110","B","004","01","016","00000","γ—Γ‚c‚w„i‘Μ§®”υ‰ΑZ‚PiγwΗ—“™j","γ—Γ‚c‚w„i‘Μ§®”υ‰ΑZ‚PiγwΗ—“™j","131","1","0","20250401","99999999","0"
"3","302020210","B","004","01","016","00000","γ—Γ‚c‚w„i‘Μ§®”υ‰ΑZ‚QiγwΗ—“™j","γ—Γ‚c‚w„i‘Μ§®”υ‰ΑZ‚QiγwΗ—“™j","131","1","0","20250401","99999999","0"
"3","302020310","B","004","01","016","00000","γ—Γ‚c‚w„i‘Μ§®”υ‰ΑZ‚RiγwΗ—“™j","γ—Γ‚c‚w„i‘Μ§®”υ‰ΑZ‚RiγwΗ—“™j","131","1","0","20250401","99999999","0"
"5","302019910","B","004","01","016","00000","γ—Γ‚c‚w„i‘Μ§®”υ‰ΑZ‚SiγwΗ—“™j","γ—Γ‚c‚w„i‘Μ§®”υ‰ΑZ‚SiγwΗ—“™j","131","1","0","20250401","99999999","0"
"5","302020010","B","004","01","016","00000","γ—Γ‚c‚w„i‘Μ§®”υ‰ΑZ‚TiγwΗ—“™j","γ—Γ‚c‚w„i‘Μ§®”υ‰ΑZ‚TiγwΗ—“™j","131","1","0","20250401","99999999","0"
"5","302019810","B","004","01","016","00000","γ—Γ‚c‚w„i‘Μ§®”υ‰ΑZ‚UiγwΗ—“™j","γ—Γ‚c‚w„i‘Μ§®”υ‰ΑZ‚UiγwΗ—“™j","131","1","0","20250401","99999999","0"
"0","302018870","B","004","01","017","CB054","‚‚ρ–ς•¨—Γ–@‘Μ§[ΐ‰ΑZiO—ξα‡‰»w—Γ–@f—Γ—Ώ‚PEƒCEi‚Pjj","‚‚ρ–ς•¨—Γ–@‘Μ§[ΐ‰ΑZiO—ξα‡‰»w—Γ–@f—Γ—Ώ‚PEƒCEi‚Pjj","131","1","0","20240601","99999999","0"
"0","302001710","B","004","02","000","00000","θp‘OγwΗ——Ώ","θ‘O","131","1","1","20240601","99999999","0"
"0","302001810","B","004","03","001","00000","θpγγwΗ——Ώi•a‰@‚Μκ‡ji‚P“ϊ‚Ι‚Β‚«j","θγi•a‰@j","131","3","0","20240601","99999999","0"
"0","302001910","B","004","03","002","00000","θpγγwΗ——Ώif—Γ‚Μκ‡ji‚P“ϊ‚Ι‚Β‚«j","θγif—Γj","131","3","0","20240601","99999999","0"
"0","302002070","B","004","03","003","CB008","θpγγwΗ——Ώi“―κjΈZ","ΈZiθγj","131","3","0","20240601","99999999","0"
"0","302005210","B","004","09","000","00000","‰ξμx‰‡“™Agw“±—Ώ","‰ξμx‰‡“™Agw“±—Ώ","133","2","0","20240601","99999999","0"
"0","302007310","B","006","03","000","00000","‚‚ρ΅—ΓAgv‰ζτ’θ—Ώ‚P","‚‚ρ΅—ΓAgv‰ζτ’θ—Ώ‚P","134","1","0","20240601","99999999","0"
"0","302007410","B","006","03","000","00000","‚‚ρ΅—ΓAgv‰ζτ’θ—Ώ‚Q","‚‚ρ΅—ΓAgv‰ζτ’θ—Ώ‚Q","131","1","0","20240601","99999999","0"
"0","302005410","B","006","03","002","00000","‚‚ρ΅—ΓAgw“±—Ώ","‚‚ρ΅—ΓAgw“±—Ώ","131","1","1","20240601","99999999","0"
"0","302007510","B","006","03","003","00000","‚‚ρ΅—ΓAgΗ——Ώi‚‚ρf—ΓAg‹’“_•a‰@‚Μκ‡j","‚‚ρ΅—ΓAgΗ——Ώi‚‚ρf—ΓAg‹’“_•a‰@j","053","1","0","20240601","99999999","0"
"0","302009110","B","006","03","003","00000","‚‚ρ΅—ΓAgΗ——Ώi’nζ‚‚ρf—Γ•a‰@‚Μκ‡j","‚‚ρ΅—ΓAgΗ——Ώi’nζ‚‚ρf—Γ•a‰@j","053","1","0","20240601","99999999","0"
"0","302009210","B","006","03","003","00000","‚‚ρ΅—ΓAgΗ——Ώi¬™‚‚ρ‹’“_•a‰@‚Μκ‡j","‚‚ρ΅—ΓAgΗ——Ώi¬™‚‚ρ‹’“_•a‰@j","053","1","0","20240601","99999999","0"
"0","302011410","B","006","03","004","00000","—Γ—{EAJ—Ό—§x‰‡w“±—Ώi‰‰ρj","—Γ—{EAJ—Ό—§x‰‡w“±—Ώi‰‰ρj","133","1","0","20240601","99999999","0"
"0","302011510","B","006","03","004","00000","—Γ—{EAJ—Ό—§x‰‡w“±—Ώi‚Q‰ρ–ΪΘ~j","—Γ—{EAJ—Ό—§x‰‡w“±—Ώi‚Q‰ρ–ΪΘ~j","133","1","0","20240601","99999999","0"
"0","302012910","B","006","03","005","00000","‚±‚±‚λ‚ΜAgw“±—Ώi‚Pj","‚±‚±‚λ‚ΜAgw“±—Ώi‚Pj","131","1","1","20240601","99999999","0"
"0","302018910","B","006","04","000","00000","•‰Θ‰“uAgf—Γ—Ώ","•‰Θ‰“uAgf—Γ—Ώ","144","1","0","20240601","99999999","0"
"0","302002410","B","007","00","000","00000","‘ή‰@‘O–K–βw“±—Ώ","‘ή‘O","133","1","0","20240601","99999999","0"
"0","302002610","B","008","00","001","00000","–ςάΗ—w“±—Ώ‚Pi“Α‚Ιΐ‘SΗ—‚•K—v‚Θγ–ς•i‚“–ς–”‚Ν’Λ‚³‚κ‚Δ‚Ά‚ι³‚Μκ‡j","–ςΗ‚Piΐ‘SΗ—‚π—v‚·‚ιγ–ς•i“—^³j","131","4","0","20240601","99999999","0"
"0","302002710","B","008","00","002","00000","–ςάΗ—w“±—Ώ‚Qi‚P‚Μ³ΘO‚Μ³‚Μκ‡j","–ςΗ‚Qi‚P‚Μ³ΘO‚Μ³j","131","4","0","20240601","99999999","0"
"0","302002870","B","008","00","003","CB009","–ƒ–ςΗ—w“±‰ΑZi–ςάΗ—w“±—Ώj","–ƒ‰Α","131","4","0","20240601","99999999","0"
"0","302009310","B","008","02","000","00000","–ςά‘‡•]‰Ώ’²®Η——Ώ","–ςά‘‡•]‰Ώ’²®Η——Ώ","131","1","0","20240601","99999999","0"
"0","302003210","B","010","00","000","00000","f—Γξ•ρ’ρ‹—Ώi‚Qj","ξ‚Q","053","1","0","20240601","99999999","0"
"0","302003510","B","011","04","000","00000","‘ή‰@–ςάξ•ρΗ—w“±—Ώ","‘ή‰@–ςάξ•ρΗ—w“±—Ώ","134","1","0","20240601","99999999","0"
"0","302019210","B","011","06","000","00000","‰h—{ξ•ρAg—Ώ","‰h—{ξ•ρAg—Ώ","133","1","0","20240601","99999999","0"
"0","302003710","B","013","00","001","00000","V»—L°‹`•Η——Ώi‚Pϋo‚Ι‚Β‚«ji‚QΘO‚Μκ‡j","‹`Ηi‚QΘOj","131","1","1","20240601","99999999","0"
"0","302008310","B","013","00","002","00000","V»—L°‹`•Η——Ώi‚Pϋo‚Ι‚Β‚«jiΆ“ο‚Θκ‡j","‹`ΗiΆ“οj","131","1","0","20240601","99999999","0"
"0","302007710","B","013","03","000","00000","L”ΝΝ{x^•β’Τ•¨Η——Ώ‚Pi‚Pϋo‚Ι‚Β‚«j","“ΑƒCΗ‚P","131","1","0","20240601","99999999","0"
"0","302019310","B","013","03","000","00000","L”ΝΝ{x^•β’Τ•¨Η——Ώ‚Qi‚Pϋo‚Ι‚Β‚«j","“ΑƒCΗ‚Q","131","1","0","20240601","99999999","0"
"0","302004110","B","014","00","001","00000","‘ή‰@‹¤“―w“±—Ώ‚Piέ‘ξ—Γ—{x‰‡•‰Θf—Γ‚PAέ‘ξ—Γ—{x‰‡•‰Θf—Γ‚Q–”‚Νέ‘ξ—Γ—{x‰‡•‰Θ•a‰@‚Μκ‡j","‘ή‰@‹¤“―w“±—Ώ‚Pi•‰‡f‚PA•‰‡f‚Q–”‚Ν•‰‡•aj","133","2","0","20240601","99999999","0"
"0","302004210","B","014","00","002","00000","‘ή‰@‹¤“―w“±—Ώ‚Pi‚PΘO‚Μκ‡j","‘ή‰@‹¤“―w“±—Ώ‚Pi‚PΘOj","133","2","0","20240601","99999999","0"
"0","302004310","B","015","00","000","00000","‘ή‰@‹¤“―w“±—Ώ‚Q","‘ή‰@‹¤“―w“±—Ώ‚Q","133","2","0","20240601","99999999","0"
"0","302004470","B","015","00","001","CB014","•Ϋ―γ‹¤“―w“±‰ΑZ","•Ϋ―γ‹¤“―w“±‰ΑZ","133","2","0","20240601","99999999","0"
"0","302004570","B","015","00","002","CB015","‘½‹@Φ‹¤“―w“±Η—‰ΑZ","‘½‹@Φ‹¤“―w“±Η—‰ΑZ","133","2","0","20240601","99999999","0"
"0","302004710","B","017","00","000","00000","”xπΗπΗ—\–hΗ——Ώ","”xπΗπΗ—\–hΗ——Ώ","133","1","0","20240601","99999999","0"
"0","303001270","C","000","00","008","CC010","’nζγ—ΓAg‘Μ§‰ΑZi•‰Θ–K–βf—Γ—Ώj","’nζγ—ΓAg‘Μ§‰ΑZi•‰Θ–K–βf—Γ—Ώj","002","1","1","20240601","99999999","0"
"0","303010970","C","000","00","016","CC062","’ΚM‰ζ‘ξ•ρ—p‰ΑZi•‰Θ–K–βf—Γ—Ώj","’ΚM‰ζ‘ξ•ρ—p‰ΑZi•‰Θ–K–βf—Γ—Ώj","131","1","1","20240601","99999999","0"
"3","303016870","C","000","00","018","CC105","έ‘ξγ—Γ‚c‚wξ•ρ—p‰ΑZ‚P","έ‘ξγ—Γ‚c‚wξ•ρ—p‰ΑZ‚P","131","1","0","20250401","99999999","0"
"5","303014870","C","000","00","018","CC092","έ‘ξγ—Γ‚c‚wξ•ρ—p‰ΑZ‚Q","έ‘ξγ—Γ‚c‚wξ•ρ—p‰ΑZ‚Q","131","1","0","20250401","99999999","0"
"0","303007310","C","001","00","001","00000","–K–β•‰Θ‰q¶w“±—Ώi’Pκ•¨f—Γ³‚‚Pl‚Μκ‡j","–K‰qwi’Pκ•¨f—Γ³‚‚Plj","131","8","0","20240601","99999999","0"
"0","303007410","C","001","00","002","00000","–K–β•‰Θ‰q¶w“±—Ώi’Pκ•¨f—Γ³‚‚QlΘγ‚XlΘ‰Ί‚Μκ‡j","–K‰qwi’Pκ•¨f—Γ³‚‚Q`‚Xlj","131","8","0","20240601","99999999","0"
"0","303007510","C","001","00","003","00000","–K–β•‰Θ‰q¶w“±—Ώi‚P‹y‚Ρ‚QΘO‚Μκ‡j","–K‰qwi‚P‹y‚Ρ‚QΘOj","131","8","0","20240601","99999999","0"
"0","303007610","C","001","03","001","00000","•‰ΘΎ³έ‘ξ—Γ—{Η——Ώiέ‘ξ—Γ—{x‰‡•‰Θf—Γ‚P‚Μκ‡j","•έΗi•‰‡f‚Pj","131","1","1","20240601","99999999","0"
"0","303003310","C","001","03","002","00000","•‰ΘΎ³έ‘ξ—Γ—{Η——Ώiέ‘ξ—Γ—{x‰‡•‰Θf—Γ‚Q‚Μκ‡j","•έΗi•‰‡f‚Qj","131","1","1","20240601","99999999","0"
"0","303015010","C","001","03","002","00000","•‰ΘΎ³έ‘ξ—Γ—{Η——Ώiέ‘ξ—Γ—{x‰‡•‰Θ•a‰@‚Μκ‡j","•έΗiέ‘ξ—Γ—{x‰‡•‰Θ•a‰@j","131","1","0","20240601","99999999","0"
"0","303003410","C","001","03","003","00000","•‰ΘΎ³έ‘ξ—Γ—{Η——Ώi‚P‚©‚η‚R‚ά‚ΕΘO‚Μκ‡j","•έΗi‚P‚©‚η‚R‚ά‚ΕΘOj","131","1","1","20240601","99999999","0"
"0","303015370","C","001","03","010","CC096","έ‘ξ•‰Θγ—Γξ•ρAg‰ΑZi•‰ΘΎ³έ‘ξ—Γ—{Η——Ώj","έ‘ξ•‰Θγ—Γξ•ρAg‰ΑZi•έΗj","131","1","0","20240601","99999999","0"
"0","303005710","C","001","05","001","00000","έ‘ξ³–K–βϋoƒƒnƒrƒƒe[ƒVƒ‡ƒ“w“±Η——Ώi‚P‚O•–Ά–j","–K–βϋoƒƒni‚P‚O•–Ά–j","131","4","0","20240601","99999999","0"
"0","303005810","C","001","05","002","00000","έ‘ξ³–K–βϋoƒƒnƒrƒƒe[ƒVƒ‡ƒ“w“±Η——Ώi‚P‚O•Θγ‚Q‚O•–Ά–j","–K–βϋoƒƒni‚P‚O•Θγ‚Q‚O•–Ά–j","131","4","0","20240601","99999999","0"
"0","303005910","C","001","05","003","00000","έ‘ξ³–K–βϋoƒƒnƒrƒƒe[ƒVƒ‡ƒ“w“±Η——Ώi‚Q‚O•Θγj","–K–βϋoƒƒni‚Q‚O•Θγj","131","4","0","20240601","99999999","0"
"0","303015770","C","001","05","010","CC100","έ‘ξ•‰Θγ—Γξ•ρAg‰ΑZiέ‘ξ³–K–βϋoƒƒnƒrƒƒe[ƒVƒ‡ƒ“w“±Η——Ώj","έ‘ξ•‰Θγ—Γξ•ρAg‰ΑZi–K–βϋoƒƒnj","131","1","0","20240601","99999999","0"
"0","303008110","C","001","06","000","00000","¬™έ‘ξ³–K–βϋoƒƒnƒrƒƒe[ƒVƒ‡ƒ“w“±Η——Ώ","¬™–K–βϋoƒƒn","131","4","0","20240601","99999999","0"
"0","303016170","C","001","06","007","CC104","έ‘ξ•‰Θγ—Γξ•ρAg‰ΑZi¬™έ‘ξ³–K–βϋoƒƒnƒrƒƒe[ƒVƒ‡ƒ“w“±Η——Ώj","έ‘ξ•‰Θγ—Γξ•ρAg‰ΑZi¬™–K–βϋoƒƒnj","131","1","0","20240601","99999999","0"
"0","303016210","C","001","07","001","00000","έ‘ξ•‰Θ‰h—{ƒTƒ|[ƒgƒ`[ƒ€“™Agw“±—Ώ‚P","έ‘ξ•‰Θ‰h—{ƒTƒ|[ƒgƒ`[ƒ€“™Agw“±—Ώ‚P","131","1","0","20240601","99999999","0"
"0","303016310","C","001","07","002","00000","έ‘ξ•‰Θ‰h—{ƒTƒ|[ƒgƒ`[ƒ€“™Agw“±—Ώ‚Q","έ‘ξ•‰Θ‰h—{ƒTƒ|[ƒgƒ`[ƒ€“™Agw“±—Ώ‚Q","131","1","0","20240601","99999999","0"
"0","303016410","C","001","07","003","00000","έ‘ξ•‰Θ‰h—{ƒTƒ|[ƒgƒ`[ƒ€“™Agw“±—Ώ‚R","έ‘ξ•‰Θ‰h—{ƒTƒ|[ƒgƒ`[ƒ€“™Agw“±—Ώ‚R","131","1","0","20240601","99999999","0"
"0","303002410","C","003","00","001","00000","έ‘ξ³–K–β–ςάΗ—w“±—Ώi’Pκ•¨f—Γ³‚‚Pl‚Μκ‡j","έ‘ξ³–K–β–ςάΗ—w“±—Ώi’Pκ•¨f—Γ³‚‚Plj","131","8","0","20240601","99999999","0"
"0","303002510","C","003","00","002","00000","έ‘ξ³–K–β–ςάΗ—w“±—Ώi’Pκ•¨f—Γ³‚‚QlΘγ‚XlΘ‰Ί‚Μκ‡j","έ‘ξ³–K–β–ςάΗ—w“±—Ώi’Pκ•¨f—Γ³‚‚Q`‚Xlj","131","8","0","20240601","99999999","0"
"0","303008510","C","003","00","003","00000","έ‘ξ³–K–β–ςάΗ—w“±—Ώi‚P‹y‚Ρ‚QΘO‚Μκ‡j","έ‘ξ³–K–β–ςάΗ—w“±—Ώi‚P‹y‚Ρ‚QΘOj","131","8","0","20240601","99999999","0"
"0","303002670","C","003","00","004","CC018","–ƒ–ςΗ—w“±‰ΑZiέ‘ξ³–K–β–ςάΗ—w“±—Ώj","–ƒ","131","8","0","20240601","99999999","0"
"0","303008670","C","003","00","005","CC049","“ϋ—c™‰ΑZiέ‘ξ³–K–β–ςάΗ—w“±—Ώj","“ϋ—c™‰ΑZiέ‘ξ³–K–β–ςάΗ—w“±—Ώj","131","8","0","20240601","99999999","0"
"0","303002710","C","004","00","000","00000","‘ή‰@‘Oέ‘ξ—Γ—{w“±Η——Ώ","‘O","131","1","1","20240601","99999999","0"
"0","303002810","C","005","00","000","00000","έ‘ξ–ƒ–ς“™’Λw“±Η——Ώ","έ‘ξ–ƒ–ς“™’Λw“±Η——Ώ","131","1","1","20240601","99999999","0"
"0","303016510","C","005","02","000","00000","έ‘ξξα‡‰»w—Γ–@’Λw“±Η——Ώ","έ‘ξξα‡‰»w—Γ–@’Λw“±Η——Ώ","131","1","0","20240601","99999999","0"
"0","303004510","C","005","03","000","00000","έ‘ξ««ξα‡³‹¤“―w“±Η——Ώ","έ«‹¤“―","131","1","0","20240601","99999999","0"
"0","303002910","C","007","00","000","00000","έ‘ξ³Agw“±—Ώ","έ‘ξ³Agw“±—Ώ","131","1","1","20240601","99999999","0"
"0","303003010","C","008","00","000","00000","έ‘ξ³‹Ω‹}“™ƒJƒ“ƒtƒ@ƒƒ“ƒX—Ώ","έ‘ξ³‹Ω‹}“™ƒJƒ“ƒtƒ@ƒƒ“ƒX—Ώ","131","2","0","20240601","99999999","0"
"0","304002910","D","002","06","000","00000","ϋoΧ‹Ϋ’θ—ΚΈ‚Pi‚P‰ρ‚Ι‚Β‚«j","ϋoΧ‹Ϋ’θ—ΚΈ‚P","131","2","1","20240601","99999999","0"
"0","304003110","D","002","06","000","00000","ϋoΧ‹Ϋ’θ—ΚΈ‚Qi‚P‰ρ‚Ι‚Β‚«j","ϋoΧ‹Ϋ’θ—ΚΈ‚Q","144","1","0","20240601","99999999","0"
"0","304003070","D","002","06","001","CD003","ϋoΧ‹Ϋ’θ—ΚΈi‚P‰ρ‚Ι‚Β‚«ji‚Q‰ρ–ΪjΈZ","ϋoΧ‹Ϋ’θ—ΚΈi‚Q‰ρ–ΪjΈZ","131","2","1","20240601","99999999","0"
"0","304001910","D","011","00","001","00000","—L°‹`•™π‹@”\Έi‚Pϋo‚Ι‚Β‚«ji—L°‹`•™π‹@”\Έ‚Pi‚P‰ρ‚Ι‚Β‚«ji‰Ί{‰^“®‘’θ‚Ζ™π”\—Ν‘’θ‚π•Ή‚Ή‚Δs‚¤κ‡jj","—L°‹`•™π‹@”\Έ‚Pi‰Ί{‰^“®‘’θ‚Ζ™π”\—Ν‘’θ‚π•Ή{j","136","2","0","20240601","99999999","0"
"0","304002010","D","011","00","001","00000","—L°‹`•™π‹@”\Έi‚Pϋo‚Ι‚Β‚«ji—L°‹`•™π‹@”\Έ‚Pi‚P‰ρ‚Ι‚Β‚«ji™π”\—Ν‘’θ‚Μ‚έ‚πs‚¤κ‡jj","—L°‹`•™π‹@”\Έ‚Pi™π”\—Ν‘’θj","136","2","0","20240601","99999999","0"
"0","304002210","D","011","00","002","00000","—L°‹`•™π‹@”\Έi‚Pϋo‚Ι‚Β‚«ji—L°‹`•™π‹@”\Έ‚Qi‚P‰ρ‚Ι‚Β‚«ji‰Ί{‰^“®‘’θ‚Ζ™ω‡³‘’θ‚π•Ή‚Ή‚Δs‚¤κ‡jj","—L°‹`•™π‹@”\Έ‚Qi‰Ί{‰^“®‘’θ‚Ζ™ω‡³‘’θ‚π•Ή{j","136","2","0","20240601","99999999","0"
"0","304002310","D","011","00","002","00000","—L°‹`•™π‹@”\Έi‚Pϋo‚Ι‚Β‚«ji—L°‹`•™π‹@”\Έ‚Qi‚P‰ρ‚Ι‚Β‚«ji™ω‡³‘’θ‚Μ‚έ‚πs‚¤κ‡jj","—L°‹`•™π‹@”\Έ‚Qi™ω‡³‘’θj","136","2","0","20240601","99999999","0"
"0","304002410","D","011","02","000","00000","™π”\—ΝΈ‚Pi‚P‰ρ‚Ι‚Β‚«j","™π”\—ΝΈ‚P","144","1","0","20240601","99999999","0"
"0","304002510","D","011","03","000","00000","™ω‡³Έ‚Pi‚P‰ρ‚Ι‚Β‚«j","™ω‡³Έ‚P","144","1","0","20240601","99999999","0"
"0","304002710","D","011","04","000","00000","¬™ϋO•Β½—ΝΈi‚P‰ρ‚Ι‚Β‚«j","¬™ϋO•Β½—ΝΈ","144","1","0","20240601","99999999","0"
"0","304002110","D","012","00","000","00000","γ³Έi‚P‰ρ‚Ι‚Β‚«j","γ³Έ","131","2","0","20240601","99999999","0"
"0","304002610","D","013","00","000","00000","Έ–§Go‹@”\Έ","Έ–§Go‹@”\Έ","131","1","0","20240601","99999999","0"
"0","305004910","E","000","00","003","00000","Κ^f’fi•‰Θ—p‚R³ƒGƒbƒNƒXό’f‘wB‰ej","Κ^f’fi•‰Θ—p‚R³ƒGƒbƒNƒXό’f‘wB‰ej","131","1","0","20240601","99999999","0"
"0","305005050","E","000","00","006","00000","‘Όγ—Γ‹@ΦB‰e‚ΜΚ^f’fi•‰Θ—p‚R³ƒGƒbƒNƒXό’f‘wB‰ej","‘ΌγB‰e‚ΜΚ^f’fi•‰Θ—p‚R³ƒGƒbƒNƒXό’f‘wB‰ej","131","1","0","20240601","99999999","0"
"0","305001910","E","200","00","001","00000","ξ–{“IƒGƒbƒNƒXόf’f—Ώi‚P“ϊ‚Ι‚Β‚«ji“ό‰@‚Μ“ϊ‚©‚η‹NZ‚µ‚Δ‚STΤΘ“ΰ‚ΜϊΤj","ξƒGi‚STΘ“ΰj","121","28","0","20240601","99999999","0"
"0","305002990","E","999","00","005","AE009","•‰Θ‰ζ‘f’fΗ—‰ΑZ‚P","•‰Θ‰ζ‘f’fΗ—‰ΑZ‚P","131","1","1","20240601","99999999","0"
"0","305005590","E","999","00","006","AE013","•‰Θ‰ζ‘f’fΗ—‰ΑZ‚Q","•‰Θ‰ζ‘f’fΗ—‰ΑZ‚Q","131","1","0","20240601","99999999","0"
"0","305003090","E","999","00","007","AE010","‰“u‰ζ‘f’f‚Ι‚ζ‚ι‰ζ‘f’fΗ—‰ΑZ‚P","‰“u•‰Θ‰ζ‘f’fΗ—‰ΑZ‚P","131","1","1","20240601","99999999","0"
"0","305005690","E","999","00","008","AE014","‰“u‰ζ‘f’f‚Ι‚ζ‚ι‰ζ‘f’fΗ—‰ΑZ‚Q","‰“u•‰Θ‰ζ‘f’fΗ—‰ΑZ‚Q","131","1","0","20240601","99999999","0"
"0","305005850","E","999","00","012","00000","γ‰ΘƒRƒ“ƒsƒ…[ƒ^[’f‘wf’f","γ‰ΘƒRƒ“ƒsƒ…[ƒ^[’f‘wf’f","131","1","0","20240601","99999999","0"
"0","306001170","F","100","00","006","CF006","“Α’θΎ³•ϋΗ—‰ΑZi•ϋ—Ώj","“Αi•ϋj","131","1","1","20240601","99999999","0"
"0","306002070","F","100","00","007","CF011","R««ξα‡ά•ϋΗ—‰ΑZi•ϋ—Ώji‚P•ϋ‚Ι‚Β‚«j","R««ξα‡ά•ϋΗ—‰ΑZi•ϋ—Ώj","131","1","1","20240601","99999999","0"
"0","306001670","F","400","00","003","CF009","“Α’θΎ³•ϋΗ—‰ΑZi•ϋβ³—Ώj","“Αi•ϋβ³—Ώj","131","1","1","20240601","99999999","0"
"0","306002170","F","400","00","003","CF012","R««ξα‡ά•ϋΗ—‰ΑZi•ϋβ³—Ώj","R««ξα‡ά•ϋΗ—‰ΑZi•ϋβ³—Ώj","131","1","1","20240601","99999999","0"
"0","306001710","F","500","00","001","00000","’²ά‹Zpξ–{—Ώi“ό‰@’†‚Μ³‚Ι“–ς‚πs‚Α‚½κ‡j","’²ξi“ό‰@j","131","1","1","20240601","99999999","0"
"0","306001810","F","500","00","002","00000","’²ά‹Zpξ–{—Ώi‚»‚Μ‘Ό‚Μ³‚Ι“–ς‚πs‚Α‚½κ‡j","’²ξi‚»‚Μ‘Όj","131","1","1","20240601","99999999","0"
"0","306001970","F","500","00","003","CF010","‰@“ΰ»ά‰ΑZ","‰@“ΰ»ά‰ΑZ","131","1","1","20240601","99999999","0"
"0","307001170","G","004","00","004","CG003","χ¬•»ά‰ΑZi“_“H’Λj","χi“_“Hj","131","1","0","20240601","99999999","0"
"0","307001370","G","005","00","001","CG004","χ¬•»ά‰ΑZi’†SΓ–¬’Λj","χi’†SΓ–¬’Λj","131","1","0","20240601","99999999","0"
"0","307004790","G","999","00","005","AG017","ƒoƒCƒIγ‘±•i“±“ό‰ϊ‰ΑZ","ƒoƒCƒIγ‘±•i“±“ό‰ϊ‰ΑZ","131","1","1","20240601","99999999","0"
"0","308004570","H","001","00","003","CH007","ΫH‹‰Ί‹@”\‰ρ•‘Μ§‰ΑZ‚PiΫH‹@”\—Γ–@j","ΫH‹‰Ί‹@”\‰ρ•‘Μ§‰ΑZ‚P","138","5","0","20240601","99999999","0"
"0","308004670","H","001","00","003","CH008","ΫH‹‰Ί‹@”\‰ρ•‘Μ§‰ΑZ‚QiΫH‹@”\—Γ–@j","ΫH‹‰Ί‹@”\‰ρ•‘Μ§‰ΑZ‚Q","138","5","0","20240601","99999999","0"
"0","308004770","H","001","00","003","CH009","ΫH‹‰Ί‹@”\‰ρ•‘Μ§‰ΑZ‚RiΫH‹@”\—Γ–@j","ΫH‹‰Ί‹@”\‰ρ•‘Μ§‰ΑZ‚R","138","5","0","20240601","99999999","0"
"0","308002510","H","001","02","001","00000","•‰Θϋoƒƒnƒrƒƒe[ƒVƒ‡ƒ“—Ώ‚Pi—L°‹`•‚ΜƒΘO‚Μκ‡ji‚Pϋo‚Ι‚Β‚«j","•‰Θϋoƒƒnƒrƒƒe[ƒVƒ‡ƒ“—Ώ‚Pi—L°‹`•‚ΜƒΘOj","136","1","0","20240601","99999999","0"
"0","308002610","H","001","02","001","00000","•‰Θϋoƒƒnƒrƒƒe[ƒVƒ‡ƒ“—Ώ‚Pi—L°‹`•‚ΜΆ“ο‚Θκ‡ji‚Pϋo‚Ι‚Β‚«j","•‰Θϋoƒƒnƒrƒƒe[ƒVƒ‡ƒ“—Ώ‚Pi—L°‹`•‚ΜΆ“οj","136","1","0","20240601","99999999","0"
"0","308002710","H","001","02","002","00000","•‰Θϋoƒƒnƒrƒƒe[ƒVƒ‡ƒ“—Ώ‚PiγΪG•β•°‚Μκ‡ji‚Pϋo‚Ι‚Β‚«j","•‰Θϋoƒƒnƒrƒƒe[ƒVƒ‡ƒ“—Ώ‚PiγΪG•β•°j","136","4","0","20240601","99999999","0"
"0","308004210","H","001","02","003","00000","•‰Θϋoƒƒnƒrƒƒe[ƒVƒ‡ƒ“—Ώ‚Pi‚»‚Μ‘Ό‚Μκ‡ji‚Pϋo‚Ι‚Β‚«j","•‰Θϋoƒƒnƒrƒƒe[ƒVƒ‡ƒ“—Ώ‚Pi‚»‚Μ‘Όj","136","4","0","20240601","99999999","0"
"0","308002810","H","001","03","000","00000","•‰Θϋoƒƒnƒrƒƒe[ƒVƒ‡ƒ“—Ώ‚Qi‚Pϋo‚Ι‚Β‚«j","•‰Θϋoƒƒnƒrƒƒe[ƒVƒ‡ƒ“—Ώ‚Q","136","1","0","20240601","99999999","0"
"0","308010610","H","001","04","000","00000","•‰Θϋoƒƒnƒrƒƒe[ƒVƒ‡ƒ“—Ώ‚Riϋo‹@”\‚Μ”­’B•s‘S‚π—L‚·‚ι‚P‚WΞ–Ά–‚Μ³‚Μκ‡ji‚Pϋo‚Ι‚Β‚«j","•‰Θϋoƒƒnƒrƒƒe[ƒVƒ‡ƒ“—Ώ‚Riϋo‹@”\‚Μ”­’B•s‘Sj","131","2","0","20240601","99999999","0"
"0","308010710","H","001","04","001","00000","•‰Θϋoƒƒnƒrƒƒe[ƒVƒ‡ƒ“—Ώ‚Riϋo‹@”\‚Μ’α‰Ί‚π—‚µ‚Δ‚Ά‚ι³‚Μκ‡ji‚Pϋo‚Ι‚Β‚«j","•‰Θϋoƒƒnƒrƒƒe[ƒVƒ‡ƒ“—Ώ‚Riϋo‹@”\‚Μ’α‰Ίj","131","2","0","20240601","99999999","0"
"0","309014610","I","009","05","000","00000","ϋo“ΰ•”ε•¨‹zψi‚P“ϊ‚Ι‚Β‚«j","ϋo“ΰ•”ε•¨‹zψ","131","2","0","20240601","99999999","0"
"0","309014710","I","011","02","001","00000","•ό•aΐ’θϊ΅—Γi‚P•Θγ‚P‚O•–Ά–j","‚r‚o‚si‚P•Θγ‚P‚O•–Ά–j","131","1","0","20240601","99999999","0"
"0","309014810","I","011","02","002","00000","•ό•aΐ’θϊ΅—Γi‚P‚O•Θγ‚Q‚O•–Ά–j","‚r‚o‚si‚P‚O•Θγ‚Q‚O•–Ά–j","131","1","0","20240601","99999999","0"
"0","309005710","I","011","02","003","00000","•ό•aΐ’θϊ΅—Γi‚Q‚O•Θγj","‚r‚o‚si‚Q‚O•Θγj","131","1","1","20240601","99999999","0"
"0","309019610","I","011","02","007","00000","•ό•adΗ‰»—\–h΅—Γi‚P•Θγ‚P‚O•–Ά–j","‚od–hi‚P•Θγ‚P‚O•–Ά–j","131","1","0","20240601","99999999","0"
"0","309019710","I","011","02","008","00000","•ό•adΗ‰»—\–h΅—Γi‚P‚O•Θγ‚Q‚O•–Ά–j","‚od–hi‚P‚O•Θγ‚Q‚O•–Ά–j","131","1","0","20240601","99999999","0"
"0","309019810","I","011","02","009","00000","•ό•adΗ‰»—\–h΅—Γi‚Q‚O•Θγj","‚od–hi‚Q‚O•Θγj","131","1","0","20240601","99999999","0"
"0","309007210","I","017","02","001","00000","ϋo“ΰ‘•’u’²®EC—iϋo“ΰ‘•’u’²®iϋo“ΰ‘•’u’²®‚Pjji‚Pϋo‚Ι‚Β‚«j","ϋo“ΰ‘•’u’²®‚P","136","1","1","20240601","99999999","0"
"0","309008410","I","023","00","001","00000","Sgγw—Γ–@i“ό‰@’†‚Μ³j","Sgγw—Γ–@i“ό‰@j","138","9","0","20240601","99999999","0"
"0","309008510","I","023","00","002","00000","Sgγw—Γ–@i“ό‰@’†‚Μ³ΘO‚Μ³i‰fjj","Sgγw—Γ–@i“ό‰@Oi‰fjj","135","1","0","20240601","99999999","0"
"0","309008610","I","023","00","002","00000","Sgγw—Γ–@i“ό‰@’†‚Μ³ΘO‚Μ³iΔfjj","Sgγw—Γ–@i“ό‰@OiΔfjj","138","9","0","20240601","99999999","0"
"0","309009010","I","026","00","000","00000","‚‹C³_‘f΅—Γi‚P“ϊ‚Ι‚Β‚«j","‚‹C³_‘f΅—Γ","141","30","0","20240601","99999999","0"
"0","309011310","I","029","00","001","00000","όpϊ“™κ–ε“Iϋo‰q¶’ui‚Pϋo‚Ι‚Β‚«jiόpϊ“™κ–ε“Iϋo‰q¶’u‚Pj","pϋ‰q‚P","131","6","0","20240601","99999999","0"
"0","309019210","I","029","00","002","00000","όpϊ“™κ–ε“Iϋo‰q¶’ui‚Pϋo‚Ι‚Β‚«jiόpϊ“™κ–ε“Iϋo‰q¶’u‚Qj","pϋ‰q‚Q","131","1","0","20240601","99999999","0"
"0","309021110","I","029","01","000","00000","‰ρ•ϊ“™κ–ε“Iϋo‰q¶’ui‚Pϋo‚Ι‚Β‚«j","‰ρ•ϊ“™κ–ε“Iϋo‰q¶’u","131","2","0","20240601","99999999","0"
"0","309019310","I","029","02","000","00000","έ‘ξ“™—Γ—{³κ–ε“Iϋo‰q¶’ui‚Pϋo‚Ι‚Β‚«j","έ‘ξ“™—Γ—{³κ–ε“Iϋo‰q¶’u","131","1","0","20240601","99999999","0"
"0","309019410","I","029","03","000","00000","ϋo”S–’ui‚Pϋo‚Ι‚Β‚«j","ϋo”S–’u","131","1","0","20240601","99999999","0"
"0","309011410","I","030","00","000","00000","‹@B“I•–Κ΄‘|’ui‚Pϋo‚Ι‚Β‚«j","•΄","131","1","0","20240601","99999999","0"
"0","309020010","I","030","02","000","00000","”ρoϋΫζ³ϋo”S–’ui‚Pϋo‚Ι‚Β‚«j","”ρoϋ","131","2","0","20240601","99999999","0"
"0","309021210","I","030","03","000","00000","ϋoƒoƒCƒIƒtƒBƒ‹ƒ€‹’ui‚Pϋo‚Ι‚Β‚«j","ϋoƒoƒCƒIƒtƒBƒ‹ƒ€‹’u","131","2","0","20240601","99999999","0"
"0","309015110","I","031","00","001","00000","ƒtƒb‰»•¨•–Κ“h•z’ui‚Pϋo‚Ι‚Β‚«ji‚¤I‘½”­Xό‚Μκ‡j","‚e‹Ηi‚¤I‘½”­Xόj","131","1","0","20240601","99999999","0"
"0","309015210","I","031","00","002","00000","ƒtƒb‰»•¨•–Κ“h•z’ui‚Pϋo‚Ι‚Β‚«ji‰ϊ‚Μ–Κ‚¤I‚Ιλ³‚µ‚Δ‚Ά‚ι³‚Μκ‡j","‚e‹Ηi‰ϊ‚Μ–Κ‚¤I‚Ιλ³j","131","1","0","20240601","99999999","0"
"0","309016610","I","031","00","003","00000","ƒtƒb‰»•¨•–Κ“h•z’ui‚Pϋo‚Ι‚Β‚«jiƒGƒiƒƒ‹Ώ‰ϊ‚¤I‚Ιλ³‚µ‚Δ‚Ά‚ι³‚Μκ‡j","‚e‹ΗiƒGƒiƒƒ‹Ώ‰ϊ‚¤I³j","131","1","0","20240601","99999999","0"
"0","310019410","J","085","00","001","00000","ƒfƒuƒ[ƒhƒ}ƒ“i‚P‚O‚O•½•ϋƒZƒ“ƒ`ƒ[ƒgƒ‹–Ά–j","ƒfƒuƒ[ƒhƒ}ƒ“‚P","131","1","0","20240601","99999999","0"
"0","310019510","J","085","00","002","00000","ƒfƒuƒ[ƒhƒ}ƒ“i‚P‚O‚O•½•ϋƒZƒ“ƒ`ƒ[ƒgƒ‹Θγ‚R‚O‚O‚O•½•ϋƒZƒ“ƒ`ƒ[ƒgƒ‹–Ά–j","ƒfƒuƒ[ƒhƒ}ƒ“‚Q","131","1","0","20240601","99999999","0"
"0","310021070","J","090","00","001","00000","’ρ‹‚Μ—Γ—{γ‚Μ”ο—pi”η•†ΪApj","’ρ‹‚Μ—Γ—{γ‚Μ”ο—pi”η•†ΪApj","131","1","1","20240601","99999999","0"
"0","310033310","J","110","00","000","00000","L”ΝΝ{x^‘•’u‘~ΰ¦pi‚P{‚Ι‚Β‚«j","“ΑƒC‘~","141","1","0","20240601","99999999","0"
"0","310025670","J","200","00","009","CJ020","•s‹K‘¥R‘ΜΈ‰ΑZ","•s‹K‘¥R‘ΜΈ‰ΑZ","131","1","0","20240601","99999999","0"
"0","310026410","J","200","02","001","00000","—AΗ——Ώi—AΗ——Ώ‚Pj","—AΗ——Ώ‚P","131","1","1","20240601","99999999","0"
"0","310026510","J","200","02","002","00000","—AΗ——Ώi—AΗ——Ώ‚Qj","—AΗ——Ώ‚Q","131","1","1","20240601","99999999","0"
"0","312000110","L","000","00","001","00000","•ϊΛό΅—ΓΗ——Ώi‚P–εΖΛA‘Ξό‚Q–εΖΛ–”‚ΝO•”ΖΛ‚πs‚Α‚½κ‡j","•ϊΛό΅—ΓΗ——Ώi‚P–εΖΛA‘Ξό‚Q–εΖΛAO•”ΖΛj","131","2","0","20240601","99999999","0"
"0","312000210","L","000","00","002","00000","•ϊΛό΅—ΓΗ——Ώi”ρ‘Ξό‚Q–εΖΛA‚R–εΖΛ–”‚Νo“ΰΖΛ‚πs‚Α‚½κ‡j","•ϊΛό΅—ΓΗ——Ώi”ρ‘Ξό‚Q–εΖΛA‚R–εΖΛAo“ΰΖΛj","131","2","0","20240601","99999999","0"
"0","312000310","L","000","00","003","00000","•ϊΛό΅—ΓΗ——Ώi‚S–εΘγ‚ΜΖΛA‰^“®ΖΛA΄‘ΜΖΛ–”‚Ν‘gD“ΰΖΛ‚πs‚Α‚½κ‡j","•ϊΛό΅—ΓΗ——Ώi‚S–εΘγA‰^“®ΖΛA΄‘ΜΖΛA‘gD“ΰΖΛj","131","2","0","20240601","99999999","0"
"0","312000410","L","000","00","004","00000","•ϊΛό΅—ΓΗ——Ώi‹­“x•Ο’²•ϊΛό΅—Γi‚h‚l‚q‚sj‚Ι‚ζ‚ι‘ΜOΖΛ‚πs‚Α‚½κ‡j","•ϊΛό΅—ΓΗ——Ώi‚h‚l‚q‚s‚Ι‚ζ‚ι‘ΜOΖΛj","131","2","0","20240601","99999999","0"
"0","312002070","L","001","00","005","CL003","p’†ΖΛ—Γ–@‰ΑZi‘ΜOΖΛj","p’†ΖΛ—Γ–@‰ΑZi‘ΜOΖΛj","131","1","0","20240601","99999999","0"
"0","312002170","L","001","00","006","CL004","‘ΜOΖΛ—pΕ’θν‹ο‰ΑZi‘ΜOΖΛj","‘ΜOΖΛ—pΕ’θν‹ο‰ΑZi‘ΜOΖΛj","131","1","0","20240601","99999999","0"
"0","312002210","L","002","00","001","00000","“d¥”g‰·”M—Γ–@iκA‚Ι‚Β‚«ji[έ«««ξα‡‚Ι‘Ξ‚·‚ι‚ΰ‚Μj","“d¥”g‰·”M—Γ–@i[έ«««ξα‡j","131","1","1","20240601","99999999","0"
"0","312002310","L","002","00","002","00000","“d¥”g‰·”M—Γ–@iκA‚Ι‚Β‚«jiσέ«««ξα‡‚Ι‘Ξ‚·‚ι‚ΰ‚Μj","“d¥”g‰·”M—Γ–@iσέ«««ξα‡j","131","1","1","20240601","99999999","0"
"0","313024010","M","000","03","000","00000","L”ΝΝ{x^•β’Τf’f—Ώi‚Pϋo‚Ι‚Β‚«j","“ΑƒCf","136","1","0","20240601","99999999","0"
"0","314011510","N","001","02","000","00000","•‰Θ‹Έ³‘’k—Ώi•‰Θ‹Έ³‘’k—Ώ‚Pj","•‰Θ‹Έ³‘’k—Ώ‚P","162","1","0","20240601","99999999","0"
"0","314011610","N","001","02","000","00000","•‰Θ‹Έ³‘’k—Ώi•‰Θ‹Έ³‘’k—Ώ‚Qj","•‰Θ‹Έ³‘’k—Ώ‚Q","162","1","0","20240601","99999999","0"
"0","314000310","N","002","00","000","00000","•‰Θ‹Έ³Η——Ώ","•‰Θ‹Έ³Η——Ώ","131","1","1","20240601","99999999","0"
"0","314000910","N","005","00","001","00000","“®“I’ui‚Pϋo‚P‰ρ‚Ι‚Β‚«ji“®“I’u‚ΜJn‚Μ“ϊ–”‚Νƒ}ƒ‹ƒ`ƒuƒ‰ƒPƒbƒg–@‚ΜJn‚Μ“ϊ‚©‚η‹NZ‚µ‚Δ‚Q”NΘ“ΰ‚Ιs‚Α‚½κ‡i“―κ“ΰ‚Μ‘ζ‚P‰ρ–Ϊjj","“®“I’ui‚Q”NΘ“ΰi“―κ“ΰ‚Μ‘ζ‚P‰ρ–Ϊjj","136","1","1","20240601","99999999","0"
"0","314001110","N","005","00","002","00000","“®“I’ui‚Pϋo‚P‰ρ‚Ι‚Β‚«ji“®“I’u‚ΜJn‚Μ“ϊ–”‚Νƒ}ƒ‹ƒ`ƒuƒ‰ƒPƒbƒg–@‚ΜJn‚Μ“ϊ‚©‚η‹NZ‚µ‚Δ‚Q”N‚π’΄‚¦‚½γ‚Ιs‚Α‚½κ‡i“―κ“ΰ‚Μ‘ζ‚P‰ρ–Ϊjj","“®“I’ui‚Q”N’΄i“―κ“ΰ‚Μ‘ζ‚P‰ρ–Ϊjj","136","1","1","20240601","99999999","0"
"0","315000110","O","000","00","001","00000","ϋo•a—f’f—Ώi‘gDf’f—Ώji•‰Θf—Γ‚ΙW‚ι‚ΰ‚Μ‚Ιΐ‚ιBj","ϋo•a—f’f—Ώi‘gDf’f—Ώj","131","1","1","20240601","99999999","0"
"0","315000210","O","000","00","001","00000","ϋo•a—f’f—Ώi‘gDf’f—Ώji‘Όγ—Γ‹@Φμ»‚Μ‘gD•W–{ji•‰Θf—Γ‚ΙW‚ι‚ΰ‚Μ‚Ιΐ‚ιBj","ϋo•a—f’f—Ώi‘gDf’f—Ώji‘Όγ—Γ‹@Φμ»‚Μ‘gD•W–{j","131","1","1","20240601","99999999","0"
"0","315001110","O","000","00","001","00000","ϋo•a—f’f—Ώi‘gDf’f—Ώji‘Όγ—Γ‹@Φμ»‚Μ‘gD•W–{jiƒfƒWƒ^ƒ‹•a—‰ζ‘ji•‰Θf—Γ‚ΙW‚ι‚ΰ‚Μ‚Ιΐ‚ιBj","ϋo•a—f’f—Ώi‘gDf’f—Ώji‘Όγμ»‘gD•W–{ƒfƒWƒ^ƒ‹•a—‰ζ‘j","131","1","1","20240601","99999999","0"
"0","315000410","O","000","00","002","00000","ϋo•a—f’f—ΏiΧ–Ef’f—Ώji•‰Θf—Γ‚ΙW‚ι‚ΰ‚Μ‚Ιΐ‚ιBj","ϋo•a—f’f—ΏiΧ–Ef’f—Ώj","131","1","1","20240601","99999999","0"
"0","315000510","O","000","00","002","00000","ϋo•a—f’f—ΏiΧ–Ef’f—Ώji‘Όγ—Γ‹@Φμ»‚Μ•W–{ji•‰Θf—Γ‚ΙW‚ι‚ΰ‚Μ‚Ιΐ‚ιBj","ϋo•a—f’f—ΏiΧ–Ef’f—Ώji‘Όγ—Γ‹@Φμ»‚Μ•W–{j","131","1","1","20240601","99999999","0"
"0","315001210","O","000","00","002","00000","ϋo•a—f’f—ΏiΧ–Ef’f—Ώji‘Όγ—Γ‹@Φμ»‚Μ•W–{jiƒfƒWƒ^ƒ‹•a—‰ζ‘ji•‰Θf—Γ‚ΙW‚ι‚ΰ‚Μ‚Ιΐ‚ιBj","ϋo•a—f’f—ΏiΧ–Ef’f—Ώji‘Όγμ»•W–{ƒfƒWƒ^ƒ‹•a—‰ζ‘j","131","1","1","20240601","99999999","0"
"0","315000310","O","001","00","000","00000","ϋo•a—”»’f—Ώi•‰Θf—Γ‚ΙW‚ι‚ΰ‚Μ‚Ιΐ‚ιBj","ϋo•a—”»’f—Ώ","131","1","1","20240601","99999999","0"
"0","320003210","-","000","00","000","00000","—Γ—{’S“–θ“–i“ό‰@Oj","—Γ—{’S“–θ“–i“ό‰@Oj","131","1","0","20240601","99999999","0"
